-- phpMyAdmin SQL Dump
-- version 5.2.1
-- https://www.phpmyadmin.net/
--
-- Host: 127.0.0.1
-- Generation Time: Apr 17, 2026 at 11:01 AM
-- Server version: 10.4.32-MariaDB
-- PHP Version: 8.2.12

SET SQL_MODE = "NO_AUTO_VALUE_ON_ZERO";
START TRANSACTION;
SET time_zone = "+00:00";


/*!40101 SET @OLD_CHARACTER_SET_CLIENT=@@CHARACTER_SET_CLIENT */;
/*!40101 SET @OLD_CHARACTER_SET_RESULTS=@@CHARACTER_SET_RESULTS */;
/*!40101 SET @OLD_COLLATION_CONNECTION=@@COLLATION_CONNECTION */;
/*!40101 SET NAMES utf8mb4 */;

--
-- Database: `pos_toko_waris`
--

-- --------------------------------------------------------

--
-- Table structure for table `activity_logs`
--

CREATE TABLE `activity_logs` (
  `log_id` bigint(20) UNSIGNED NOT NULL,
  `user_id` bigint(20) UNSIGNED DEFAULT NULL,
  `action` varchar(100) NOT NULL COMMENT 'login, logout, create_transaksi, dll',
  `module` varchar(50) DEFAULT NULL COMMENT 'transaksi, stok, produk, user, dll',
  `description` text DEFAULT NULL,
  `ip_address` varchar(45) DEFAULT NULL,
  `data` longtext CHARACTER SET utf8mb4 COLLATE utf8mb4_bin DEFAULT NULL COMMENT 'Data tambahan dalam format JSON' CHECK (json_valid(`data`)),
  `created_at` timestamp NOT NULL DEFAULT current_timestamp()
) ENGINE=InnoDB DEFAULT CHARSET=utf8mb4 COLLATE=utf8mb4_unicode_ci;

--
-- Dumping data for table `activity_logs`
--

INSERT INTO `activity_logs` (`log_id`, `user_id`, `action`, `module`, `description`, `ip_address`, `data`, `created_at`) VALUES
(1, NULL, 'login_gagal', 'auth', 'Login gagal untuk: pemilik', '127.0.0.1', NULL, '2026-04-13 06:01:45'),
(2, 1, 'login', 'auth', 'Login berhasil sebagai pemilik', '127.0.0.1', NULL, '2026-04-13 06:04:10'),
(3, 1, 'login', 'auth', 'Login berhasil sebagai pemilik', '127.0.0.1', NULL, '2026-04-13 06:35:08'),
(4, 1, 'login', 'auth', 'Login berhasil sebagai pemilik', '127.0.0.1', NULL, '2026-04-13 23:44:33'),
(5, 1, 'selesaikan_transaksi', 'transaksi', 'Transaksi TRX-20260414-00001 selesai. Total: Rp 36,000', '127.0.0.1', '{\"nomor_transaksi\":\"TRX-20260414-00001\"}', '2026-04-14 01:02:12'),
(6, 1, 'tambah_produk', 'produk', 'Produk baru: hhh', '127.0.0.1', NULL, '2026-04-14 01:41:26'),
(7, 1, 'selesaikan_transaksi', 'transaksi', 'Transaksi TRX-20260414-00002 selesai. Total: Rp 15,000', '127.0.0.1', '{\"nomor_transaksi\":\"TRX-20260414-00002\"}', '2026-04-14 02:41:01'),
(8, 2, 'login', 'auth', 'Login berhasil sebagai kasir', '127.0.0.1', NULL, '2026-04-14 10:13:40'),
(9, 2, 'logout', 'auth', 'Logout berhasil.', '127.0.0.1', NULL, '2026-04-14 10:14:47'),
(10, 1, 'login', 'auth', 'Login berhasil sebagai pemilik', '127.0.0.1', NULL, '2026-04-16 01:49:30'),
(11, 1, 'login', 'auth', 'Login berhasil sebagai pemilik', '127.0.0.1', NULL, '2026-04-17 00:50:31'),
(12, 1, 'logout', 'auth', 'Logout berhasil.', '127.0.0.1', NULL, '2026-04-17 01:44:44'),
(13, NULL, 'login_gagal', 'auth', 'Login gagal untuk: pemilik', '127.0.0.1', NULL, '2026-04-17 08:58:02'),
(14, 1, 'login', 'auth', 'Login berhasil sebagai pemilik', '127.0.0.1', NULL, '2026-04-17 08:58:14');

-- --------------------------------------------------------

--
-- Table structure for table `cache`
--

CREATE TABLE `cache` (
  `key` varchar(191) NOT NULL,
  `value` mediumtext NOT NULL,
  `expiration` int(11) NOT NULL
) ENGINE=InnoDB DEFAULT CHARSET=utf8mb4 COLLATE=utf8mb4_unicode_ci;

-- --------------------------------------------------------

--
-- Table structure for table `cache_locks`
--

CREATE TABLE `cache_locks` (
  `key` varchar(191) NOT NULL,
  `owner` varchar(191) NOT NULL,
  `expiration` int(11) NOT NULL
) ENGINE=InnoDB DEFAULT CHARSET=utf8mb4 COLLATE=utf8mb4_unicode_ci;

-- --------------------------------------------------------

--
-- Table structure for table `detail_pembelian_pemasoks`
--

CREATE TABLE `detail_pembelian_pemasoks` (
  `detail_pembelian_id` bigint(20) UNSIGNED NOT NULL,
  `pembelian_id` bigint(20) UNSIGNED NOT NULL,
  `produk_id` bigint(20) UNSIGNED NOT NULL,
  `jumlah` int(11) NOT NULL,
  `harga_beli` decimal(12,2) NOT NULL,
  `subtotal` decimal(12,2) NOT NULL COMMENT 'jumlah * harga_beli',
  `created_at` timestamp NULL DEFAULT NULL,
  `updated_at` timestamp NULL DEFAULT NULL
) ENGINE=InnoDB DEFAULT CHARSET=utf8mb4 COLLATE=utf8mb4_unicode_ci;

-- --------------------------------------------------------

--
-- Table structure for table `detail_transaksis`
--

CREATE TABLE `detail_transaksis` (
  `detail_id` bigint(20) UNSIGNED NOT NULL,
  `transaksi_id` bigint(20) UNSIGNED NOT NULL,
  `produk_id` bigint(20) UNSIGNED NOT NULL,
  `jumlah` int(11) NOT NULL,
  `harga_satuan` decimal(12,2) NOT NULL COMMENT 'Harga per unit saat transaksi (snapshot)',
  `diskon_item` decimal(12,2) NOT NULL DEFAULT 0.00 COMMENT 'Diskon per item',
  `subtotal` decimal(12,2) NOT NULL COMMENT 'jumlah * harga_satuan - diskon_item',
  `created_at` timestamp NULL DEFAULT NULL,
  `updated_at` timestamp NULL DEFAULT NULL
) ENGINE=InnoDB DEFAULT CHARSET=utf8mb4 COLLATE=utf8mb4_unicode_ci;

--
-- Dumping data for table `detail_transaksis`
--

INSERT INTO `detail_transaksis` (`detail_id`, `transaksi_id`, `produk_id`, `jumlah`, `harga_satuan`, `diskon_item`, `subtotal`, `created_at`, `updated_at`) VALUES
(1, 1, 12, 2, 23000.00, 0.00, 46000.00, '2026-04-11 01:29:12', '2026-04-11 01:29:12'),
(2, 1, 14, 5, 21000.00, 0.00, 105000.00, '2026-04-11 01:29:12', '2026-04-11 01:29:12'),
(3, 1, 24, 3, 12000.00, 0.00, 36000.00, '2026-04-11 01:29:12', '2026-04-11 01:29:12'),
(4, 2, 24, 4, 12000.00, 0.00, 48000.00, '2026-04-11 01:29:12', '2026-04-11 01:29:12'),
(5, 3, 2, 2, 3500.00, 0.00, 7000.00, '2026-04-11 01:29:12', '2026-04-11 01:29:12'),
(6, 3, 14, 4, 21000.00, 0.00, 84000.00, '2026-04-11 01:29:12', '2026-04-11 01:29:12'),
(7, 3, 15, 2, 6000.00, 0.00, 12000.00, '2026-04-11 01:29:12', '2026-04-11 01:29:12'),
(8, 3, 21, 4, 13000.00, 0.00, 52000.00, '2026-04-11 01:29:12', '2026-04-11 01:29:12'),
(9, 3, 24, 1, 12000.00, 0.00, 12000.00, '2026-04-11 01:29:12', '2026-04-11 01:29:12'),
(10, 4, 3, 4, 10000.00, 0.00, 40000.00, '2026-04-11 01:29:12', '2026-04-11 01:29:12'),
(11, 4, 11, 4, 2500.00, 0.00, 10000.00, '2026-04-11 01:29:12', '2026-04-11 01:29:12'),
(12, 4, 15, 3, 6000.00, 0.00, 18000.00, '2026-04-11 01:29:12', '2026-04-11 01:29:12'),
(13, 4, 16, 1, 18000.00, 0.00, 18000.00, '2026-04-11 01:29:12', '2026-04-11 01:29:12'),
(14, 4, 19, 4, 3500.00, 0.00, 14000.00, '2026-04-11 01:29:12', '2026-04-11 01:29:12'),
(15, 5, 19, 1, 3500.00, 0.00, 3500.00, '2026-04-11 01:29:12', '2026-04-11 01:29:12'),
(16, 5, 26, 4, 5000.00, 0.00, 20000.00, '2026-04-11 01:29:12', '2026-04-11 01:29:12'),
(17, 6, 1, 4, 3500.00, 0.00, 14000.00, '2026-04-11 01:29:12', '2026-04-11 01:29:12'),
(18, 6, 4, 3, 6500.00, 0.00, 19500.00, '2026-04-11 01:29:12', '2026-04-11 01:29:12'),
(19, 6, 25, 4, 16000.00, 0.00, 64000.00, '2026-04-11 01:29:12', '2026-04-11 01:29:12'),
(20, 6, 26, 1, 5000.00, 0.00, 5000.00, '2026-04-11 01:29:12', '2026-04-11 01:29:12'),
(21, 7, 1, 4, 3500.00, 0.00, 14000.00, '2026-04-11 01:29:12', '2026-04-11 01:29:12'),
(22, 7, 7, 5, 3500.00, 0.00, 17500.00, '2026-04-11 01:29:12', '2026-04-11 01:29:12'),
(23, 7, 15, 3, 6000.00, 0.00, 18000.00, '2026-04-11 01:29:12', '2026-04-11 01:29:12'),
(24, 8, 6, 5, 3200.00, 0.00, 16000.00, '2026-04-11 01:29:12', '2026-04-11 01:29:12'),
(25, 8, 9, 4, 7500.00, 0.00, 30000.00, '2026-04-11 01:29:12', '2026-04-11 01:29:12'),
(26, 8, 20, 4, 20000.00, 0.00, 80000.00, '2026-04-11 01:29:12', '2026-04-11 01:29:12'),
(27, 9, 15, 1, 6000.00, 0.00, 6000.00, '2026-04-11 01:29:12', '2026-04-11 01:29:12'),
(28, 9, 26, 4, 5000.00, 0.00, 20000.00, '2026-04-11 01:29:12', '2026-04-11 01:29:12'),
(29, 10, 1, 5, 3500.00, 0.00, 17500.00, '2026-04-11 01:29:12', '2026-04-11 01:29:12'),
(30, 10, 17, 3, 22000.00, 0.00, 66000.00, '2026-04-11 01:29:12', '2026-04-11 01:29:12'),
(31, 11, 24, 2, 12000.00, 0.00, 24000.00, '2026-04-11 01:29:12', '2026-04-11 01:29:12'),
(32, 12, 21, 5, 13000.00, 0.00, 65000.00, '2026-04-11 01:29:12', '2026-04-11 01:29:12'),
(33, 12, 24, 1, 12000.00, 0.00, 12000.00, '2026-04-11 01:29:12', '2026-04-11 01:29:12'),
(34, 13, 28, 3, 7000.00, 0.00, 21000.00, '2026-04-11 01:29:12', '2026-04-11 01:29:12'),
(35, 13, 30, 4, 5000.00, 0.00, 20000.00, '2026-04-11 01:29:12', '2026-04-11 01:29:12'),
(36, 14, 1, 1, 3500.00, 0.00, 3500.00, '2026-04-11 01:29:12', '2026-04-11 01:29:12'),
(37, 14, 10, 1, 7000.00, 0.00, 7000.00, '2026-04-11 01:29:12', '2026-04-11 01:29:12'),
(38, 14, 18, 2, 11000.00, 0.00, 22000.00, '2026-04-11 01:29:12', '2026-04-11 01:29:12'),
(39, 14, 27, 1, 8000.00, 0.00, 8000.00, '2026-04-11 01:29:12', '2026-04-11 01:29:12'),
(40, 15, 10, 3, 7000.00, 0.00, 21000.00, '2026-04-11 01:29:12', '2026-04-11 01:29:12'),
(41, 15, 15, 1, 6000.00, 0.00, 6000.00, '2026-04-11 01:29:12', '2026-04-11 01:29:12'),
(42, 15, 24, 3, 12000.00, 0.00, 36000.00, '2026-04-11 01:29:12', '2026-04-11 01:29:12'),
(43, 16, 7, 4, 3500.00, 0.00, 14000.00, '2026-04-11 01:29:13', '2026-04-11 01:29:13'),
(44, 16, 14, 3, 21000.00, 0.00, 63000.00, '2026-04-11 01:29:13', '2026-04-11 01:29:13'),
(45, 17, 4, 2, 6500.00, 0.00, 13000.00, '2026-04-11 01:29:13', '2026-04-11 01:29:13'),
(46, 17, 6, 4, 3200.00, 0.00, 12800.00, '2026-04-11 01:29:13', '2026-04-11 01:29:13'),
(47, 17, 7, 3, 3500.00, 0.00, 10500.00, '2026-04-11 01:29:13', '2026-04-11 01:29:13'),
(48, 17, 11, 3, 2500.00, 0.00, 7500.00, '2026-04-11 01:29:13', '2026-04-11 01:29:13'),
(49, 17, 16, 1, 18000.00, 0.00, 18000.00, '2026-04-11 01:29:13', '2026-04-11 01:29:13'),
(50, 18, 10, 1, 7000.00, 0.00, 7000.00, '2026-04-11 01:29:13', '2026-04-11 01:29:13'),
(51, 18, 14, 4, 21000.00, 0.00, 84000.00, '2026-04-11 01:29:13', '2026-04-11 01:29:13'),
(52, 18, 18, 4, 11000.00, 0.00, 44000.00, '2026-04-11 01:29:13', '2026-04-11 01:29:13'),
(53, 18, 19, 5, 3500.00, 0.00, 17500.00, '2026-04-11 01:29:13', '2026-04-11 01:29:13'),
(54, 18, 23, 1, 5500.00, 0.00, 5500.00, '2026-04-11 01:29:13', '2026-04-11 01:29:13'),
(55, 19, 11, 4, 2500.00, 0.00, 10000.00, '2026-04-11 01:29:13', '2026-04-11 01:29:13'),
(56, 19, 14, 1, 21000.00, 0.00, 21000.00, '2026-04-11 01:29:13', '2026-04-11 01:29:13'),
(57, 20, 2, 4, 3500.00, 0.00, 14000.00, '2026-04-11 01:29:13', '2026-04-11 01:29:13'),
(58, 20, 7, 5, 3500.00, 0.00, 17500.00, '2026-04-11 01:29:13', '2026-04-11 01:29:13'),
(59, 21, 17, 1, 22000.00, 0.00, 22000.00, '2026-04-11 01:29:13', '2026-04-11 01:29:13'),
(60, 21, 20, 2, 20000.00, 0.00, 40000.00, '2026-04-11 01:29:13', '2026-04-11 01:29:13'),
(61, 21, 22, 2, 10500.00, 0.00, 21000.00, '2026-04-11 01:29:13', '2026-04-11 01:29:13'),
(62, 22, 17, 1, 22000.00, 0.00, 22000.00, '2026-04-11 01:29:13', '2026-04-11 01:29:13'),
(63, 22, 27, 3, 8000.00, 0.00, 24000.00, '2026-04-11 01:29:13', '2026-04-11 01:29:13'),
(64, 23, 4, 4, 6500.00, 0.00, 26000.00, '2026-04-11 01:29:13', '2026-04-11 01:29:13'),
(65, 23, 6, 3, 3200.00, 0.00, 9600.00, '2026-04-11 01:29:13', '2026-04-11 01:29:13'),
(66, 23, 11, 1, 2500.00, 0.00, 2500.00, '2026-04-11 01:29:13', '2026-04-11 01:29:13'),
(67, 23, 25, 1, 16000.00, 0.00, 16000.00, '2026-04-11 01:29:13', '2026-04-11 01:29:13'),
(68, 24, 1, 3, 3500.00, 0.00, 10500.00, '2026-04-11 01:29:13', '2026-04-11 01:29:13'),
(69, 24, 7, 4, 3500.00, 0.00, 14000.00, '2026-04-11 01:29:13', '2026-04-11 01:29:13'),
(70, 24, 10, 2, 7000.00, 0.00, 14000.00, '2026-04-11 01:29:13', '2026-04-11 01:29:13'),
(71, 24, 18, 1, 11000.00, 0.00, 11000.00, '2026-04-11 01:29:13', '2026-04-11 01:29:13'),
(72, 25, 16, 2, 18000.00, 0.00, 36000.00, '2026-04-11 01:29:13', '2026-04-11 01:29:13'),
(73, 25, 19, 2, 3500.00, 0.00, 7000.00, '2026-04-11 01:29:13', '2026-04-11 01:29:13'),
(74, 25, 24, 4, 12000.00, 0.00, 48000.00, '2026-04-11 01:29:13', '2026-04-11 01:29:13'),
(75, 25, 29, 5, 12000.00, 0.00, 60000.00, '2026-04-11 01:29:13', '2026-04-11 01:29:13'),
(76, 26, 10, 2, 7000.00, 0.00, 14000.00, '2026-04-11 01:29:13', '2026-04-11 01:29:13'),
(77, 26, 12, 1, 23000.00, 0.00, 23000.00, '2026-04-11 01:29:13', '2026-04-11 01:29:13'),
(78, 26, 21, 4, 13000.00, 0.00, 52000.00, '2026-04-11 01:29:13', '2026-04-11 01:29:13'),
(79, 27, 30, 5, 5000.00, 0.00, 25000.00, '2026-04-11 01:29:13', '2026-04-11 01:29:13'),
(80, 28, 26, 5, 5000.00, 0.00, 25000.00, '2026-04-11 01:29:13', '2026-04-11 01:29:13'),
(81, 29, 6, 3, 3200.00, 0.00, 9600.00, '2026-04-11 01:29:13', '2026-04-11 01:29:13'),
(82, 30, 1, 3, 3500.00, 0.00, 10500.00, '2026-04-11 01:29:13', '2026-04-11 01:29:13'),
(83, 30, 7, 5, 3500.00, 0.00, 17500.00, '2026-04-11 01:29:13', '2026-04-11 01:29:13'),
(84, 30, 12, 1, 23000.00, 0.00, 23000.00, '2026-04-11 01:29:13', '2026-04-11 01:29:13'),
(85, 30, 18, 4, 11000.00, 0.00, 44000.00, '2026-04-11 01:29:13', '2026-04-11 01:29:13'),
(86, 30, 28, 4, 7000.00, 0.00, 28000.00, '2026-04-11 01:29:13', '2026-04-11 01:29:13'),
(87, 31, 14, 3, 21000.00, 0.00, 63000.00, '2026-04-11 01:29:13', '2026-04-11 01:29:13'),
(88, 31, 28, 1, 7000.00, 0.00, 7000.00, '2026-04-11 01:29:13', '2026-04-11 01:29:13'),
(89, 31, 29, 5, 12000.00, 0.00, 60000.00, '2026-04-11 01:29:13', '2026-04-11 01:29:13'),
(90, 32, 16, 3, 18000.00, 0.00, 54000.00, '2026-04-11 01:29:13', '2026-04-11 01:29:13'),
(91, 32, 17, 2, 22000.00, 0.00, 44000.00, '2026-04-11 01:29:13', '2026-04-11 01:29:13'),
(92, 32, 18, 3, 11000.00, 0.00, 33000.00, '2026-04-11 01:29:13', '2026-04-11 01:29:13'),
(93, 32, 21, 1, 13000.00, 0.00, 13000.00, '2026-04-11 01:29:13', '2026-04-11 01:29:13'),
(94, 32, 30, 4, 5000.00, 0.00, 20000.00, '2026-04-11 01:29:13', '2026-04-11 01:29:13'),
(95, 33, 3, 4, 10000.00, 0.00, 40000.00, '2026-04-11 01:29:13', '2026-04-11 01:29:13'),
(96, 33, 14, 1, 21000.00, 0.00, 21000.00, '2026-04-11 01:29:13', '2026-04-11 01:29:13'),
(97, 33, 29, 1, 12000.00, 0.00, 12000.00, '2026-04-11 01:29:14', '2026-04-11 01:29:14'),
(98, 33, 30, 4, 5000.00, 0.00, 20000.00, '2026-04-11 01:29:14', '2026-04-11 01:29:14'),
(99, 34, 2, 2, 3500.00, 0.00, 7000.00, '2026-04-11 01:29:14', '2026-04-11 01:29:14'),
(100, 34, 4, 2, 6500.00, 0.00, 13000.00, '2026-04-11 01:29:14', '2026-04-11 01:29:14'),
(101, 34, 18, 1, 11000.00, 0.00, 11000.00, '2026-04-11 01:29:14', '2026-04-11 01:29:14'),
(102, 34, 29, 1, 12000.00, 0.00, 12000.00, '2026-04-11 01:29:14', '2026-04-11 01:29:14'),
(103, 35, 11, 2, 2500.00, 0.00, 5000.00, '2026-04-11 01:29:14', '2026-04-11 01:29:14'),
(104, 35, 26, 2, 5000.00, 0.00, 10000.00, '2026-04-11 01:29:14', '2026-04-11 01:29:14'),
(105, 36, 3, 4, 10000.00, 0.00, 40000.00, '2026-04-11 01:29:14', '2026-04-11 01:29:14'),
(106, 36, 4, 4, 6500.00, 0.00, 26000.00, '2026-04-11 01:29:14', '2026-04-11 01:29:14'),
(107, 36, 14, 3, 21000.00, 0.00, 63000.00, '2026-04-11 01:29:14', '2026-04-11 01:29:14'),
(108, 36, 30, 5, 5000.00, 0.00, 25000.00, '2026-04-11 01:29:14', '2026-04-11 01:29:14'),
(109, 37, 7, 3, 3500.00, 0.00, 10500.00, '2026-04-11 01:29:14', '2026-04-11 01:29:14'),
(110, 38, 20, 1, 20000.00, 0.00, 20000.00, '2026-04-11 01:29:14', '2026-04-11 01:29:14'),
(111, 38, 25, 4, 16000.00, 0.00, 64000.00, '2026-04-11 01:29:14', '2026-04-11 01:29:14'),
(112, 38, 28, 1, 7000.00, 0.00, 7000.00, '2026-04-11 01:29:14', '2026-04-11 01:29:14'),
(113, 39, 22, 4, 10500.00, 0.00, 42000.00, '2026-04-11 01:29:14', '2026-04-11 01:29:14'),
(114, 40, 2, 2, 3500.00, 0.00, 7000.00, '2026-04-11 01:29:14', '2026-04-11 01:29:14'),
(115, 40, 8, 5, 5000.00, 0.00, 25000.00, '2026-04-11 01:29:14', '2026-04-11 01:29:14'),
(116, 40, 10, 4, 7000.00, 0.00, 28000.00, '2026-04-11 01:29:14', '2026-04-11 01:29:14'),
(117, 40, 19, 5, 3500.00, 0.00, 17500.00, '2026-04-11 01:29:14', '2026-04-11 01:29:14'),
(118, 41, 8, 1, 5000.00, 0.00, 5000.00, '2026-04-11 01:29:14', '2026-04-11 01:29:14'),
(119, 42, 15, 3, 6000.00, 0.00, 18000.00, '2026-04-11 01:29:14', '2026-04-11 01:29:14'),
(120, 42, 16, 2, 18000.00, 0.00, 36000.00, '2026-04-11 01:29:14', '2026-04-11 01:29:14'),
(121, 42, 21, 3, 13000.00, 0.00, 39000.00, '2026-04-11 01:29:14', '2026-04-11 01:29:14'),
(122, 43, 5, 5, 16000.00, 0.00, 80000.00, '2026-04-11 01:29:14', '2026-04-11 01:29:14'),
(123, 43, 11, 4, 2500.00, 0.00, 10000.00, '2026-04-11 01:29:14', '2026-04-11 01:29:14'),
(124, 43, 16, 2, 18000.00, 0.00, 36000.00, '2026-04-11 01:29:14', '2026-04-11 01:29:14'),
(125, 43, 28, 5, 7000.00, 0.00, 35000.00, '2026-04-11 01:29:14', '2026-04-11 01:29:14'),
(126, 44, 5, 3, 16000.00, 0.00, 48000.00, '2026-04-11 01:29:14', '2026-04-11 01:29:14'),
(127, 44, 20, 2, 20000.00, 0.00, 40000.00, '2026-04-11 01:29:14', '2026-04-11 01:29:14'),
(128, 44, 21, 2, 13000.00, 0.00, 26000.00, '2026-04-11 01:29:14', '2026-04-11 01:29:14'),
(129, 44, 29, 1, 12000.00, 0.00, 12000.00, '2026-04-11 01:29:14', '2026-04-11 01:29:14'),
(130, 45, 10, 3, 7000.00, 0.00, 21000.00, '2026-04-11 01:29:14', '2026-04-11 01:29:14'),
(131, 45, 12, 3, 23000.00, 0.00, 69000.00, '2026-04-11 01:29:14', '2026-04-11 01:29:14'),
(132, 45, 29, 2, 12000.00, 0.00, 24000.00, '2026-04-11 01:29:14', '2026-04-11 01:29:14'),
(133, 46, 6, 1, 3200.00, 0.00, 3200.00, '2026-04-11 01:29:14', '2026-04-11 01:29:14'),
(134, 46, 15, 4, 6000.00, 0.00, 24000.00, '2026-04-11 01:29:14', '2026-04-11 01:29:14'),
(135, 46, 19, 4, 3500.00, 0.00, 14000.00, '2026-04-11 01:29:14', '2026-04-11 01:29:14'),
(136, 47, 6, 4, 3200.00, 0.00, 12800.00, '2026-04-11 01:29:14', '2026-04-11 01:29:14'),
(137, 48, 1, 1, 3500.00, 0.00, 3500.00, '2026-04-11 01:29:14', '2026-04-11 01:29:14'),
(138, 48, 6, 1, 3200.00, 0.00, 3200.00, '2026-04-11 01:29:14', '2026-04-11 01:29:14'),
(139, 48, 15, 4, 6000.00, 0.00, 24000.00, '2026-04-11 01:29:14', '2026-04-11 01:29:14'),
(140, 48, 20, 1, 20000.00, 0.00, 20000.00, '2026-04-11 01:29:14', '2026-04-11 01:29:14'),
(141, 49, 2, 2, 3500.00, 0.00, 7000.00, '2026-04-11 01:29:14', '2026-04-11 01:29:14'),
(142, 49, 8, 4, 5000.00, 0.00, 20000.00, '2026-04-11 01:29:14', '2026-04-11 01:29:14'),
(143, 49, 17, 1, 22000.00, 0.00, 22000.00, '2026-04-11 01:29:14', '2026-04-11 01:29:14'),
(144, 49, 24, 2, 12000.00, 0.00, 24000.00, '2026-04-11 01:29:14', '2026-04-11 01:29:14'),
(145, 50, 3, 2, 10000.00, 0.00, 20000.00, '2026-04-11 01:29:14', '2026-04-11 01:29:14'),
(146, 50, 5, 3, 16000.00, 0.00, 48000.00, '2026-04-11 01:29:14', '2026-04-11 01:29:14'),
(147, 50, 21, 2, 13000.00, 0.00, 26000.00, '2026-04-11 01:29:14', '2026-04-11 01:29:14'),
(148, 50, 23, 4, 5500.00, 0.00, 22000.00, '2026-04-11 01:29:14', '2026-04-11 01:29:14'),
(149, 50, 24, 3, 12000.00, 0.00, 36000.00, '2026-04-11 01:29:14', '2026-04-11 01:29:14'),
(150, 51, 2, 4, 3500.00, 0.00, 14000.00, '2026-04-11 01:29:15', '2026-04-11 01:29:15'),
(151, 51, 6, 4, 3200.00, 0.00, 12800.00, '2026-04-11 01:29:15', '2026-04-11 01:29:15'),
(152, 51, 18, 3, 11000.00, 0.00, 33000.00, '2026-04-11 01:29:15', '2026-04-11 01:29:15'),
(153, 51, 22, 2, 10500.00, 0.00, 21000.00, '2026-04-11 01:29:15', '2026-04-11 01:29:15'),
(154, 52, 9, 2, 7500.00, 0.00, 15000.00, '2026-04-11 01:29:15', '2026-04-11 01:29:15'),
(155, 52, 13, 4, 25000.00, 0.00, 100000.00, '2026-04-11 01:29:15', '2026-04-11 01:29:15'),
(156, 53, 10, 3, 7000.00, 0.00, 21000.00, '2026-04-11 01:29:15', '2026-04-11 01:29:15'),
(157, 54, 19, 3, 3500.00, 0.00, 10500.00, '2026-04-11 01:29:15', '2026-04-11 01:29:15'),
(158, 54, 20, 2, 20000.00, 0.00, 40000.00, '2026-04-11 01:29:15', '2026-04-11 01:29:15'),
(159, 55, 6, 5, 3200.00, 0.00, 16000.00, '2026-04-11 01:29:15', '2026-04-11 01:29:15'),
(160, 55, 7, 4, 3500.00, 0.00, 14000.00, '2026-04-11 01:29:15', '2026-04-11 01:29:15'),
(161, 55, 9, 4, 7500.00, 0.00, 30000.00, '2026-04-11 01:29:15', '2026-04-11 01:29:15'),
(162, 55, 29, 3, 12000.00, 0.00, 36000.00, '2026-04-11 01:29:15', '2026-04-11 01:29:15'),
(163, 56, 5, 3, 16000.00, 0.00, 48000.00, '2026-04-11 01:29:15', '2026-04-11 01:29:15'),
(164, 56, 15, 1, 6000.00, 0.00, 6000.00, '2026-04-11 01:29:15', '2026-04-11 01:29:15'),
(165, 56, 27, 5, 8000.00, 0.00, 40000.00, '2026-04-11 01:29:15', '2026-04-11 01:29:15'),
(166, 56, 30, 2, 5000.00, 0.00, 10000.00, '2026-04-11 01:29:15', '2026-04-11 01:29:15'),
(167, 57, 3, 5, 10000.00, 0.00, 50000.00, '2026-04-11 01:29:15', '2026-04-11 01:29:15'),
(168, 57, 30, 4, 5000.00, 0.00, 20000.00, '2026-04-11 01:29:15', '2026-04-11 01:29:15'),
(169, 58, 7, 3, 3500.00, 0.00, 10500.00, '2026-04-11 01:29:15', '2026-04-11 01:29:15'),
(170, 58, 24, 4, 12000.00, 0.00, 48000.00, '2026-04-11 01:29:15', '2026-04-11 01:29:15'),
(171, 59, 8, 4, 5000.00, 0.00, 20000.00, '2026-04-11 01:29:15', '2026-04-11 01:29:15'),
(172, 59, 23, 4, 5500.00, 0.00, 22000.00, '2026-04-11 01:29:15', '2026-04-11 01:29:15'),
(173, 60, 2, 1, 3500.00, 0.00, 3500.00, '2026-04-11 01:29:15', '2026-04-11 01:29:15'),
(174, 60, 3, 4, 10000.00, 0.00, 40000.00, '2026-04-11 01:29:15', '2026-04-11 01:29:15'),
(175, 60, 4, 2, 6500.00, 0.00, 13000.00, '2026-04-11 01:29:15', '2026-04-11 01:29:15'),
(176, 60, 5, 3, 16000.00, 0.00, 48000.00, '2026-04-11 01:29:15', '2026-04-11 01:29:15'),
(177, 60, 12, 4, 23000.00, 0.00, 92000.00, '2026-04-11 01:29:15', '2026-04-11 01:29:15'),
(178, 61, 2, 5, 3500.00, 0.00, 17500.00, '2026-04-11 01:29:15', '2026-04-11 01:29:15'),
(179, 61, 23, 4, 5500.00, 0.00, 22000.00, '2026-04-11 01:29:15', '2026-04-11 01:29:15'),
(180, 62, 5, 2, 16000.00, 0.00, 32000.00, '2026-04-11 01:29:15', '2026-04-11 01:29:15'),
(181, 62, 23, 5, 5500.00, 0.00, 27500.00, '2026-04-11 01:29:15', '2026-04-11 01:29:15'),
(182, 63, 11, 1, 2500.00, 0.00, 2500.00, '2026-04-11 01:29:15', '2026-04-11 01:29:15'),
(183, 63, 17, 3, 22000.00, 0.00, 66000.00, '2026-04-11 01:29:15', '2026-04-11 01:29:15'),
(184, 63, 18, 2, 11000.00, 0.00, 22000.00, '2026-04-11 01:29:15', '2026-04-11 01:29:15'),
(185, 63, 26, 2, 5000.00, 0.00, 10000.00, '2026-04-11 01:29:15', '2026-04-11 01:29:15'),
(186, 64, 1, 2, 3500.00, 0.00, 7000.00, '2026-04-11 01:29:16', '2026-04-11 01:29:16'),
(187, 64, 6, 4, 3200.00, 0.00, 12800.00, '2026-04-11 01:29:16', '2026-04-11 01:29:16'),
(188, 64, 11, 5, 2500.00, 0.00, 12500.00, '2026-04-11 01:29:16', '2026-04-11 01:29:16'),
(189, 64, 13, 3, 25000.00, 0.00, 75000.00, '2026-04-11 01:29:16', '2026-04-11 01:29:16'),
(190, 64, 29, 3, 12000.00, 0.00, 36000.00, '2026-04-11 01:29:16', '2026-04-11 01:29:16'),
(191, 65, 9, 4, 7500.00, 0.00, 30000.00, '2026-04-11 01:29:16', '2026-04-11 01:29:16'),
(192, 65, 20, 5, 20000.00, 0.00, 100000.00, '2026-04-11 01:29:16', '2026-04-11 01:29:16'),
(193, 65, 22, 3, 10500.00, 0.00, 31500.00, '2026-04-11 01:29:16', '2026-04-11 01:29:16'),
(194, 65, 25, 1, 16000.00, 0.00, 16000.00, '2026-04-11 01:29:16', '2026-04-11 01:29:16'),
(195, 65, 30, 1, 5000.00, 0.00, 5000.00, '2026-04-11 01:29:16', '2026-04-11 01:29:16'),
(196, 66, 2, 5, 3500.00, 0.00, 17500.00, '2026-04-11 01:29:16', '2026-04-11 01:29:16'),
(197, 66, 8, 1, 5000.00, 0.00, 5000.00, '2026-04-11 01:29:16', '2026-04-11 01:29:16'),
(198, 66, 15, 4, 6000.00, 0.00, 24000.00, '2026-04-11 01:29:16', '2026-04-11 01:29:16'),
(199, 66, 21, 1, 13000.00, 0.00, 13000.00, '2026-04-11 01:29:16', '2026-04-11 01:29:16'),
(200, 66, 23, 4, 5500.00, 0.00, 22000.00, '2026-04-11 01:29:16', '2026-04-11 01:29:16'),
(201, 67, 4, 3, 6500.00, 0.00, 19500.00, '2026-04-11 01:29:16', '2026-04-11 01:29:16'),
(202, 67, 5, 1, 16000.00, 0.00, 16000.00, '2026-04-11 01:29:16', '2026-04-11 01:29:16'),
(203, 67, 14, 2, 21000.00, 0.00, 42000.00, '2026-04-11 01:29:16', '2026-04-11 01:29:16'),
(204, 67, 18, 3, 11000.00, 0.00, 33000.00, '2026-04-11 01:29:16', '2026-04-11 01:29:16'),
(205, 67, 30, 4, 5000.00, 0.00, 20000.00, '2026-04-11 01:29:16', '2026-04-11 01:29:16'),
(206, 68, 4, 2, 6500.00, 0.00, 13000.00, '2026-04-11 01:29:16', '2026-04-11 01:29:16'),
(207, 68, 10, 1, 7000.00, 0.00, 7000.00, '2026-04-11 01:29:16', '2026-04-11 01:29:16'),
(208, 68, 14, 5, 21000.00, 0.00, 105000.00, '2026-04-11 01:29:16', '2026-04-11 01:29:16'),
(209, 68, 17, 5, 22000.00, 0.00, 110000.00, '2026-04-11 01:29:16', '2026-04-11 01:29:16'),
(210, 68, 25, 3, 16000.00, 0.00, 48000.00, '2026-04-11 01:29:16', '2026-04-11 01:29:16'),
(211, 69, 3, 4, 10000.00, 0.00, 40000.00, '2026-04-11 01:29:16', '2026-04-11 01:29:16'),
(212, 69, 17, 3, 22000.00, 0.00, 66000.00, '2026-04-11 01:29:16', '2026-04-11 01:29:16'),
(213, 69, 22, 2, 10500.00, 0.00, 21000.00, '2026-04-11 01:29:16', '2026-04-11 01:29:16'),
(214, 69, 26, 1, 5000.00, 0.00, 5000.00, '2026-04-11 01:29:16', '2026-04-11 01:29:16'),
(215, 69, 30, 3, 5000.00, 0.00, 15000.00, '2026-04-11 01:29:16', '2026-04-11 01:29:16'),
(216, 70, 11, 4, 2500.00, 0.00, 10000.00, '2026-04-11 01:29:16', '2026-04-11 01:29:16'),
(217, 71, 12, 4, 23000.00, 0.00, 92000.00, '2026-04-11 01:29:16', '2026-04-11 01:29:16'),
(218, 71, 19, 4, 3500.00, 0.00, 14000.00, '2026-04-11 01:29:16', '2026-04-11 01:29:16'),
(219, 72, 3, 3, 10000.00, 0.00, 30000.00, '2026-04-11 01:29:16', '2026-04-11 01:29:16'),
(220, 72, 8, 1, 5000.00, 0.00, 5000.00, '2026-04-11 01:29:16', '2026-04-11 01:29:16'),
(221, 72, 9, 3, 7500.00, 0.00, 22500.00, '2026-04-11 01:29:16', '2026-04-11 01:29:16'),
(222, 72, 14, 5, 21000.00, 0.00, 105000.00, '2026-04-11 01:29:16', '2026-04-11 01:29:16'),
(223, 72, 30, 4, 5000.00, 0.00, 20000.00, '2026-04-11 01:29:16', '2026-04-11 01:29:16'),
(224, 73, 5, 2, 16000.00, 0.00, 32000.00, '2026-04-11 01:29:16', '2026-04-11 01:29:16'),
(225, 73, 6, 2, 3200.00, 0.00, 6400.00, '2026-04-11 01:29:16', '2026-04-11 01:29:16'),
(226, 73, 20, 4, 20000.00, 0.00, 80000.00, '2026-04-11 01:29:16', '2026-04-11 01:29:16'),
(227, 73, 25, 1, 16000.00, 0.00, 16000.00, '2026-04-11 01:29:16', '2026-04-11 01:29:16'),
(228, 73, 26, 3, 5000.00, 0.00, 15000.00, '2026-04-11 01:29:16', '2026-04-11 01:29:16'),
(229, 74, 20, 2, 20000.00, 0.00, 40000.00, '2026-04-11 01:29:16', '2026-04-11 01:29:16'),
(230, 74, 28, 2, 7000.00, 0.00, 14000.00, '2026-04-11 01:29:16', '2026-04-11 01:29:16'),
(231, 75, 14, 1, 21000.00, 0.00, 21000.00, '2026-04-11 01:29:16', '2026-04-11 01:29:16'),
(232, 75, 27, 3, 8000.00, 0.00, 24000.00, '2026-04-11 01:29:16', '2026-04-11 01:29:16'),
(233, 76, 9, 5, 7500.00, 0.00, 37500.00, '2026-04-11 01:29:16', '2026-04-11 01:29:16'),
(234, 77, 1, 3, 3500.00, 0.00, 10500.00, '2026-04-11 01:29:17', '2026-04-11 01:29:17'),
(235, 78, 18, 1, 11000.00, 0.00, 11000.00, '2026-04-11 01:29:17', '2026-04-11 01:29:17'),
(236, 79, 9, 4, 7500.00, 0.00, 30000.00, '2026-04-11 01:29:17', '2026-04-11 01:29:17'),
(237, 79, 29, 4, 12000.00, 0.00, 48000.00, '2026-04-11 01:29:17', '2026-04-11 01:29:17'),
(238, 80, 10, 1, 7000.00, 0.00, 7000.00, '2026-04-11 01:29:17', '2026-04-11 01:29:17'),
(239, 80, 22, 4, 10500.00, 0.00, 42000.00, '2026-04-11 01:29:17', '2026-04-11 01:29:17'),
(240, 81, 7, 3, 3500.00, 0.00, 10500.00, '2026-04-11 01:29:17', '2026-04-11 01:29:17'),
(241, 81, 16, 5, 18000.00, 0.00, 90000.00, '2026-04-11 01:29:17', '2026-04-11 01:29:17'),
(242, 81, 17, 1, 22000.00, 0.00, 22000.00, '2026-04-11 01:29:17', '2026-04-11 01:29:17'),
(243, 82, 9, 1, 7500.00, 0.00, 7500.00, '2026-04-11 01:29:17', '2026-04-11 01:29:17'),
(244, 82, 26, 4, 5000.00, 0.00, 20000.00, '2026-04-11 01:29:17', '2026-04-11 01:29:17'),
(245, 83, 10, 3, 7000.00, 0.00, 21000.00, '2026-04-11 01:29:17', '2026-04-11 01:29:17'),
(246, 83, 13, 3, 25000.00, 0.00, 75000.00, '2026-04-11 01:29:17', '2026-04-11 01:29:17'),
(247, 83, 14, 5, 21000.00, 0.00, 105000.00, '2026-04-11 01:29:17', '2026-04-11 01:29:17'),
(248, 84, 5, 3, 16000.00, 0.00, 48000.00, '2026-04-11 01:29:17', '2026-04-11 01:29:17'),
(249, 84, 9, 3, 7500.00, 0.00, 22500.00, '2026-04-11 01:29:17', '2026-04-11 01:29:17'),
(250, 84, 12, 2, 23000.00, 0.00, 46000.00, '2026-04-11 01:29:18', '2026-04-11 01:29:18'),
(251, 84, 14, 4, 21000.00, 0.00, 84000.00, '2026-04-11 01:29:18', '2026-04-11 01:29:18'),
(252, 85, 5, 1, 16000.00, 0.00, 16000.00, '2026-04-11 01:29:18', '2026-04-11 01:29:18'),
(253, 85, 19, 1, 3500.00, 0.00, 3500.00, '2026-04-11 01:29:18', '2026-04-11 01:29:18'),
(254, 85, 24, 5, 12000.00, 0.00, 60000.00, '2026-04-11 01:29:18', '2026-04-11 01:29:18'),
(255, 85, 25, 3, 16000.00, 0.00, 48000.00, '2026-04-11 01:29:18', '2026-04-11 01:29:18'),
(256, 85, 27, 5, 8000.00, 0.00, 40000.00, '2026-04-11 01:29:18', '2026-04-11 01:29:18'),
(257, 86, 6, 5, 3200.00, 0.00, 16000.00, '2026-04-11 01:29:19', '2026-04-11 01:29:19'),
(258, 86, 13, 1, 25000.00, 0.00, 25000.00, '2026-04-11 01:29:19', '2026-04-11 01:29:19'),
(259, 86, 20, 3, 20000.00, 0.00, 60000.00, '2026-04-11 01:29:19', '2026-04-11 01:29:19'),
(260, 86, 23, 5, 5500.00, 0.00, 27500.00, '2026-04-11 01:29:19', '2026-04-11 01:29:19'),
(261, 86, 24, 4, 12000.00, 0.00, 48000.00, '2026-04-11 01:29:19', '2026-04-11 01:29:19'),
(262, 87, 4, 3, 6500.00, 0.00, 19500.00, '2026-04-11 01:29:20', '2026-04-11 01:29:20'),
(263, 87, 6, 1, 3200.00, 0.00, 3200.00, '2026-04-11 01:29:20', '2026-04-11 01:29:20'),
(264, 87, 20, 4, 20000.00, 0.00, 80000.00, '2026-04-11 01:29:20', '2026-04-11 01:29:20'),
(265, 88, 4, 2, 6500.00, 0.00, 13000.00, '2026-04-11 01:29:20', '2026-04-11 01:29:20'),
(266, 89, 12, 4, 23000.00, 0.00, 92000.00, '2026-04-11 01:29:20', '2026-04-11 01:29:20'),
(267, 89, 22, 2, 10500.00, 0.00, 21000.00, '2026-04-11 01:29:20', '2026-04-11 01:29:20'),
(268, 90, 16, 1, 18000.00, 0.00, 18000.00, '2026-04-11 01:29:20', '2026-04-11 01:29:20'),
(269, 91, 25, 5, 16000.00, 0.00, 80000.00, '2026-04-11 01:29:20', '2026-04-11 01:29:20'),
(270, 92, 16, 3, 18000.00, 0.00, 54000.00, '2026-04-11 01:29:20', '2026-04-11 01:29:20'),
(271, 92, 18, 1, 11000.00, 0.00, 11000.00, '2026-04-11 01:29:20', '2026-04-11 01:29:20'),
(272, 93, 8, 4, 5000.00, 0.00, 20000.00, '2026-04-11 01:29:20', '2026-04-11 01:29:20'),
(273, 93, 10, 5, 7000.00, 0.00, 35000.00, '2026-04-11 01:29:20', '2026-04-11 01:29:20'),
(274, 93, 15, 4, 6000.00, 0.00, 24000.00, '2026-04-11 01:29:20', '2026-04-11 01:29:20'),
(275, 93, 25, 1, 16000.00, 0.00, 16000.00, '2026-04-11 01:29:20', '2026-04-11 01:29:20'),
(276, 94, 1, 5, 3500.00, 0.00, 17500.00, '2026-04-11 01:29:20', '2026-04-11 01:29:20'),
(277, 94, 4, 2, 6500.00, 0.00, 13000.00, '2026-04-11 01:29:20', '2026-04-11 01:29:20'),
(278, 94, 11, 2, 2500.00, 0.00, 5000.00, '2026-04-11 01:29:20', '2026-04-11 01:29:20'),
(279, 94, 23, 1, 5500.00, 0.00, 5500.00, '2026-04-11 01:29:20', '2026-04-11 01:29:20'),
(280, 94, 25, 3, 16000.00, 0.00, 48000.00, '2026-04-11 01:29:20', '2026-04-11 01:29:20'),
(281, 95, 12, 4, 23000.00, 0.00, 92000.00, '2026-04-11 01:29:20', '2026-04-11 01:29:20'),
(282, 95, 15, 3, 6000.00, 0.00, 18000.00, '2026-04-11 01:29:20', '2026-04-11 01:29:20'),
(283, 95, 20, 5, 20000.00, 0.00, 100000.00, '2026-04-11 01:29:20', '2026-04-11 01:29:20'),
(284, 95, 25, 5, 16000.00, 0.00, 80000.00, '2026-04-11 01:29:20', '2026-04-11 01:29:20'),
(285, 96, 4, 4, 6500.00, 0.00, 26000.00, '2026-04-11 01:29:20', '2026-04-11 01:29:20'),
(286, 96, 15, 3, 6000.00, 0.00, 18000.00, '2026-04-11 01:29:20', '2026-04-11 01:29:20'),
(287, 96, 30, 4, 5000.00, 0.00, 20000.00, '2026-04-11 01:29:20', '2026-04-11 01:29:20'),
(288, 97, 3, 3, 10000.00, 0.00, 30000.00, '2026-04-11 01:29:20', '2026-04-11 01:29:20'),
(289, 97, 7, 3, 3500.00, 0.00, 10500.00, '2026-04-11 01:29:20', '2026-04-11 01:29:20'),
(290, 97, 15, 2, 6000.00, 0.00, 12000.00, '2026-04-11 01:29:20', '2026-04-11 01:29:20'),
(291, 97, 28, 4, 7000.00, 0.00, 28000.00, '2026-04-11 01:29:20', '2026-04-11 01:29:20'),
(292, 98, 17, 4, 22000.00, 0.00, 88000.00, '2026-04-11 01:29:20', '2026-04-11 01:29:20'),
(293, 98, 18, 3, 11000.00, 0.00, 33000.00, '2026-04-11 01:29:20', '2026-04-11 01:29:20'),
(294, 99, 12, 4, 23000.00, 0.00, 92000.00, '2026-04-11 01:29:20', '2026-04-11 01:29:20'),
(295, 99, 17, 3, 22000.00, 0.00, 66000.00, '2026-04-11 01:29:20', '2026-04-11 01:29:20'),
(296, 100, 4, 2, 6500.00, 0.00, 13000.00, '2026-04-11 01:29:20', '2026-04-11 01:29:20'),
(297, 100, 13, 5, 25000.00, 0.00, 125000.00, '2026-04-11 01:29:20', '2026-04-11 01:29:20'),
(298, 100, 17, 1, 22000.00, 0.00, 22000.00, '2026-04-11 01:29:20', '2026-04-11 01:29:20'),
(299, 100, 19, 4, 3500.00, 0.00, 14000.00, '2026-04-11 01:29:20', '2026-04-11 01:29:20'),
(300, 101, 5, 2, 16000.00, 0.00, 32000.00, '2026-04-11 01:29:20', '2026-04-11 01:29:20'),
(301, 101, 8, 2, 5000.00, 0.00, 10000.00, '2026-04-11 01:29:20', '2026-04-11 01:29:20'),
(302, 101, 22, 5, 10500.00, 0.00, 52500.00, '2026-04-11 01:29:20', '2026-04-11 01:29:20'),
(303, 102, 10, 1, 7000.00, 0.00, 7000.00, '2026-04-11 01:29:20', '2026-04-11 01:29:20'),
(304, 103, 4, 1, 6500.00, 0.00, 6500.00, '2026-04-11 01:29:20', '2026-04-11 01:29:20'),
(305, 103, 18, 4, 11000.00, 0.00, 44000.00, '2026-04-11 01:29:20', '2026-04-11 01:29:20'),
(306, 104, 14, 5, 21000.00, 0.00, 105000.00, '2026-04-11 01:29:20', '2026-04-11 01:29:20'),
(307, 105, 3, 1, 10000.00, 0.00, 10000.00, '2026-04-11 01:29:20', '2026-04-11 01:29:20'),
(308, 106, 3, 4, 10000.00, 0.00, 40000.00, '2026-04-11 01:29:20', '2026-04-11 01:29:20'),
(309, 106, 4, 5, 6500.00, 0.00, 32500.00, '2026-04-11 01:29:21', '2026-04-11 01:29:21'),
(310, 106, 8, 1, 5000.00, 0.00, 5000.00, '2026-04-11 01:29:21', '2026-04-11 01:29:21'),
(311, 106, 19, 2, 3500.00, 0.00, 7000.00, '2026-04-11 01:29:21', '2026-04-11 01:29:21'),
(312, 107, 3, 3, 10000.00, 0.00, 30000.00, '2026-04-11 01:29:21', '2026-04-11 01:29:21'),
(313, 107, 24, 4, 12000.00, 0.00, 48000.00, '2026-04-11 01:29:21', '2026-04-11 01:29:21'),
(314, 107, 29, 3, 12000.00, 0.00, 36000.00, '2026-04-11 01:29:21', '2026-04-11 01:29:21'),
(315, 108, 7, 1, 3500.00, 0.00, 3500.00, '2026-04-11 01:29:21', '2026-04-11 01:29:21'),
(316, 108, 13, 3, 25000.00, 0.00, 75000.00, '2026-04-11 01:29:21', '2026-04-11 01:29:21'),
(317, 109, 11, 5, 2500.00, 0.00, 12500.00, '2026-04-11 01:29:21', '2026-04-11 01:29:21'),
(318, 109, 18, 1, 11000.00, 0.00, 11000.00, '2026-04-11 01:29:21', '2026-04-11 01:29:21'),
(319, 109, 29, 3, 12000.00, 0.00, 36000.00, '2026-04-11 01:29:21', '2026-04-11 01:29:21'),
(320, 110, 10, 4, 7000.00, 0.00, 28000.00, '2026-04-11 01:29:21', '2026-04-11 01:29:21'),
(321, 110, 29, 2, 12000.00, 0.00, 24000.00, '2026-04-11 01:29:21', '2026-04-11 01:29:21'),
(322, 111, 26, 1, 5000.00, 0.00, 5000.00, '2026-04-11 01:29:21', '2026-04-11 01:29:21'),
(323, 112, 6, 2, 3200.00, 0.00, 6400.00, '2026-04-11 01:29:21', '2026-04-11 01:29:21'),
(324, 112, 17, 2, 22000.00, 0.00, 44000.00, '2026-04-11 01:29:21', '2026-04-11 01:29:21'),
(325, 112, 24, 1, 12000.00, 0.00, 12000.00, '2026-04-11 01:29:21', '2026-04-11 01:29:21'),
(326, 113, 1, 3, 3500.00, 0.00, 10500.00, '2026-04-11 01:29:21', '2026-04-11 01:29:21'),
(327, 113, 6, 4, 3200.00, 0.00, 12800.00, '2026-04-11 01:29:21', '2026-04-11 01:29:21'),
(328, 113, 9, 1, 7500.00, 0.00, 7500.00, '2026-04-11 01:29:21', '2026-04-11 01:29:21'),
(329, 113, 16, 1, 18000.00, 0.00, 18000.00, '2026-04-11 01:29:21', '2026-04-11 01:29:21'),
(330, 113, 30, 2, 5000.00, 0.00, 10000.00, '2026-04-11 01:29:21', '2026-04-11 01:29:21'),
(331, 114, 12, 2, 23000.00, 0.00, 46000.00, '2026-04-11 01:29:21', '2026-04-11 01:29:21'),
(332, 114, 26, 4, 5000.00, 0.00, 20000.00, '2026-04-11 01:29:21', '2026-04-11 01:29:21'),
(333, 115, 5, 1, 16000.00, 0.00, 16000.00, '2026-04-11 01:29:21', '2026-04-11 01:29:21'),
(334, 116, 25, 4, 16000.00, 0.00, 64000.00, '2026-04-11 01:29:21', '2026-04-11 01:29:21'),
(335, 117, 1, 2, 3500.00, 0.00, 7000.00, '2026-04-11 01:29:21', '2026-04-11 01:29:21'),
(336, 117, 2, 3, 3500.00, 0.00, 10500.00, '2026-04-11 01:29:21', '2026-04-11 01:29:21'),
(337, 117, 9, 5, 7500.00, 0.00, 37500.00, '2026-04-11 01:29:21', '2026-04-11 01:29:21'),
(338, 117, 15, 2, 6000.00, 0.00, 12000.00, '2026-04-11 01:29:21', '2026-04-11 01:29:21'),
(339, 117, 21, 4, 13000.00, 0.00, 52000.00, '2026-04-11 01:29:21', '2026-04-11 01:29:21'),
(340, 118, 4, 4, 6500.00, 0.00, 26000.00, '2026-04-11 01:29:21', '2026-04-11 01:29:21'),
(341, 118, 8, 1, 5000.00, 0.00, 5000.00, '2026-04-11 01:29:21', '2026-04-11 01:29:21'),
(342, 119, 1, 4, 3500.00, 0.00, 14000.00, '2026-04-11 01:29:21', '2026-04-11 01:29:21'),
(343, 119, 5, 4, 16000.00, 0.00, 64000.00, '2026-04-11 01:29:21', '2026-04-11 01:29:21'),
(344, 120, 1, 5, 3500.00, 0.00, 17500.00, '2026-04-11 01:29:21', '2026-04-11 01:29:21'),
(345, 120, 4, 1, 6500.00, 0.00, 6500.00, '2026-04-11 01:29:21', '2026-04-11 01:29:21'),
(346, 120, 9, 4, 7500.00, 0.00, 30000.00, '2026-04-11 01:29:21', '2026-04-11 01:29:21'),
(347, 120, 15, 2, 6000.00, 0.00, 12000.00, '2026-04-11 01:29:21', '2026-04-11 01:29:21'),
(348, 120, 28, 5, 7000.00, 0.00, 35000.00, '2026-04-11 01:29:21', '2026-04-11 01:29:21'),
(349, 121, 5, 1, 16000.00, 0.00, 16000.00, '2026-04-11 01:29:22', '2026-04-11 01:29:22'),
(350, 121, 7, 3, 3500.00, 0.00, 10500.00, '2026-04-11 01:29:22', '2026-04-11 01:29:22'),
(351, 121, 8, 2, 5000.00, 0.00, 10000.00, '2026-04-11 01:29:22', '2026-04-11 01:29:22'),
(352, 121, 13, 3, 25000.00, 0.00, 75000.00, '2026-04-11 01:29:22', '2026-04-11 01:29:22'),
(353, 121, 26, 4, 5000.00, 0.00, 20000.00, '2026-04-11 01:29:22', '2026-04-11 01:29:22'),
(354, 122, 7, 4, 3500.00, 0.00, 14000.00, '2026-04-11 01:29:22', '2026-04-11 01:29:22'),
(355, 122, 9, 1, 7500.00, 0.00, 7500.00, '2026-04-11 01:29:22', '2026-04-11 01:29:22'),
(356, 122, 15, 5, 6000.00, 0.00, 30000.00, '2026-04-11 01:29:22', '2026-04-11 01:29:22'),
(357, 122, 16, 1, 18000.00, 0.00, 18000.00, '2026-04-11 01:29:22', '2026-04-11 01:29:22'),
(358, 122, 18, 1, 11000.00, 0.00, 11000.00, '2026-04-11 01:29:22', '2026-04-11 01:29:22'),
(359, 123, 7, 2, 3500.00, 0.00, 7000.00, '2026-04-11 01:29:24', '2026-04-11 01:29:24'),
(360, 123, 28, 3, 7000.00, 0.00, 21000.00, '2026-04-11 01:29:24', '2026-04-11 01:29:24'),
(361, 124, 24, 4, 12000.00, 0.00, 48000.00, '2026-04-11 01:29:24', '2026-04-11 01:29:24'),
(362, 125, 3, 1, 10000.00, 0.00, 10000.00, '2026-04-11 01:29:24', '2026-04-11 01:29:24'),
(363, 125, 21, 2, 13000.00, 0.00, 26000.00, '2026-04-11 01:29:24', '2026-04-11 01:29:24'),
(364, 125, 27, 1, 8000.00, 0.00, 8000.00, '2026-04-11 01:29:24', '2026-04-11 01:29:24'),
(365, 125, 28, 2, 7000.00, 0.00, 14000.00, '2026-04-11 01:29:24', '2026-04-11 01:29:24'),
(366, 126, 23, 1, 5500.00, 0.00, 5500.00, '2026-04-11 01:29:24', '2026-04-11 01:29:24'),
(367, 126, 24, 2, 12000.00, 0.00, 24000.00, '2026-04-11 01:29:24', '2026-04-11 01:29:24'),
(368, 126, 25, 5, 16000.00, 0.00, 80000.00, '2026-04-11 01:29:24', '2026-04-11 01:29:24'),
(369, 127, 6, 2, 3200.00, 0.00, 6400.00, '2026-04-11 01:29:25', '2026-04-11 01:29:25'),
(370, 127, 9, 1, 7500.00, 0.00, 7500.00, '2026-04-11 01:29:25', '2026-04-11 01:29:25'),
(371, 127, 14, 3, 21000.00, 0.00, 63000.00, '2026-04-11 01:29:25', '2026-04-11 01:29:25'),
(372, 127, 26, 2, 5000.00, 0.00, 10000.00, '2026-04-11 01:29:25', '2026-04-11 01:29:25'),
(373, 128, 21, 5, 13000.00, 0.00, 65000.00, '2026-04-11 01:29:25', '2026-04-11 01:29:25'),
(374, 128, 24, 1, 12000.00, 0.00, 12000.00, '2026-04-11 01:29:25', '2026-04-11 01:29:25'),
(375, 129, 1, 1, 3500.00, 0.00, 3500.00, '2026-04-11 01:29:25', '2026-04-11 01:29:25'),
(376, 129, 2, 3, 3500.00, 0.00, 10500.00, '2026-04-11 01:29:25', '2026-04-11 01:29:25'),
(377, 129, 20, 4, 20000.00, 0.00, 80000.00, '2026-04-11 01:29:25', '2026-04-11 01:29:25'),
(378, 129, 29, 4, 12000.00, 0.00, 48000.00, '2026-04-11 01:29:25', '2026-04-11 01:29:25'),
(379, 130, 10, 4, 7000.00, 0.00, 28000.00, '2026-04-11 01:29:25', '2026-04-11 01:29:25'),
(380, 130, 17, 5, 22000.00, 0.00, 110000.00, '2026-04-11 01:29:25', '2026-04-11 01:29:25'),
(381, 131, 10, 1, 7000.00, 0.00, 7000.00, '2026-04-11 01:29:25', '2026-04-11 01:29:25'),
(382, 131, 12, 1, 23000.00, 0.00, 23000.00, '2026-04-11 01:29:25', '2026-04-11 01:29:25'),
(383, 131, 28, 1, 7000.00, 0.00, 7000.00, '2026-04-11 01:29:25', '2026-04-11 01:29:25'),
(384, 132, 10, 2, 7000.00, 0.00, 14000.00, '2026-04-11 01:29:25', '2026-04-11 01:29:25'),
(385, 132, 15, 1, 6000.00, 0.00, 6000.00, '2026-04-11 01:29:25', '2026-04-11 01:29:25'),
(386, 132, 16, 1, 18000.00, 0.00, 18000.00, '2026-04-11 01:29:25', '2026-04-11 01:29:25'),
(387, 132, 20, 2, 20000.00, 0.00, 40000.00, '2026-04-11 01:29:25', '2026-04-11 01:29:25'),
(388, 133, 18, 3, 11000.00, 0.00, 33000.00, '2026-04-11 01:29:25', '2026-04-11 01:29:25'),
(389, 133, 21, 2, 13000.00, 0.00, 26000.00, '2026-04-11 01:29:25', '2026-04-11 01:29:25'),
(390, 133, 22, 5, 10500.00, 0.00, 52500.00, '2026-04-11 01:29:25', '2026-04-11 01:29:25'),
(391, 134, 1, 2, 3500.00, 0.00, 7000.00, '2026-04-11 01:29:25', '2026-04-11 01:29:25'),
(392, 134, 17, 5, 22000.00, 0.00, 110000.00, '2026-04-11 01:29:25', '2026-04-11 01:29:25'),
(393, 134, 26, 1, 5000.00, 0.00, 5000.00, '2026-04-11 01:29:25', '2026-04-11 01:29:25'),
(394, 135, 3, 2, 10000.00, 0.00, 20000.00, '2026-04-11 01:29:25', '2026-04-11 01:29:25'),
(395, 135, 4, 3, 6500.00, 0.00, 19500.00, '2026-04-11 01:29:25', '2026-04-11 01:29:25'),
(396, 135, 8, 3, 5000.00, 0.00, 15000.00, '2026-04-11 01:29:25', '2026-04-11 01:29:25'),
(397, 135, 22, 3, 10500.00, 0.00, 31500.00, '2026-04-11 01:29:25', '2026-04-11 01:29:25'),
(398, 135, 28, 2, 7000.00, 0.00, 14000.00, '2026-04-11 01:29:25', '2026-04-11 01:29:25'),
(399, 136, 13, 2, 25000.00, 0.00, 50000.00, '2026-04-11 01:29:26', '2026-04-11 01:29:26'),
(400, 136, 27, 4, 8000.00, 0.00, 32000.00, '2026-04-11 01:29:26', '2026-04-11 01:29:26'),
(401, 137, 3, 1, 10000.00, 0.00, 10000.00, '2026-04-11 01:29:26', '2026-04-11 01:29:26'),
(402, 137, 5, 2, 16000.00, 0.00, 32000.00, '2026-04-11 01:29:26', '2026-04-11 01:29:26'),
(403, 137, 11, 5, 2500.00, 0.00, 12500.00, '2026-04-11 01:29:26', '2026-04-11 01:29:26'),
(404, 137, 16, 3, 18000.00, 0.00, 54000.00, '2026-04-11 01:29:26', '2026-04-11 01:29:26'),
(405, 138, 17, 3, 22000.00, 0.00, 66000.00, '2026-04-11 01:29:26', '2026-04-11 01:29:26'),
(406, 139, 1, 5, 3500.00, 0.00, 17500.00, '2026-04-11 01:29:26', '2026-04-11 01:29:26'),
(407, 139, 5, 1, 16000.00, 0.00, 16000.00, '2026-04-11 01:29:26', '2026-04-11 01:29:26'),
(408, 139, 9, 2, 7500.00, 0.00, 15000.00, '2026-04-11 01:29:26', '2026-04-11 01:29:26'),
(409, 139, 18, 3, 11000.00, 0.00, 33000.00, '2026-04-11 01:29:26', '2026-04-11 01:29:26'),
(410, 139, 20, 5, 20000.00, 0.00, 100000.00, '2026-04-11 01:29:26', '2026-04-11 01:29:26'),
(411, 140, 1, 1, 3500.00, 0.00, 3500.00, '2026-04-11 01:29:26', '2026-04-11 01:29:26'),
(412, 141, 1, 4, 3500.00, 0.00, 14000.00, '2026-04-11 01:29:26', '2026-04-11 01:29:26'),
(413, 141, 19, 5, 3500.00, 0.00, 17500.00, '2026-04-11 01:29:26', '2026-04-11 01:29:26'),
(414, 141, 30, 2, 5000.00, 0.00, 10000.00, '2026-04-11 01:29:26', '2026-04-11 01:29:26'),
(415, 142, 5, 3, 16000.00, 0.00, 48000.00, '2026-04-11 01:29:26', '2026-04-11 01:29:26'),
(416, 142, 7, 4, 3500.00, 0.00, 14000.00, '2026-04-11 01:29:26', '2026-04-11 01:29:26'),
(417, 142, 15, 2, 6000.00, 0.00, 12000.00, '2026-04-11 01:29:26', '2026-04-11 01:29:26'),
(418, 142, 22, 4, 10500.00, 0.00, 42000.00, '2026-04-11 01:29:26', '2026-04-11 01:29:26'),
(419, 143, 5, 2, 16000.00, 0.00, 32000.00, '2026-04-11 01:29:26', '2026-04-11 01:29:26'),
(420, 143, 6, 3, 3200.00, 0.00, 9600.00, '2026-04-11 01:29:26', '2026-04-11 01:29:26'),
(421, 143, 8, 2, 5000.00, 0.00, 10000.00, '2026-04-11 01:29:26', '2026-04-11 01:29:26'),
(422, 143, 14, 4, 21000.00, 0.00, 84000.00, '2026-04-11 01:29:26', '2026-04-11 01:29:26'),
(423, 143, 26, 2, 5000.00, 0.00, 10000.00, '2026-04-11 01:29:26', '2026-04-11 01:29:26'),
(424, 144, 17, 1, 22000.00, 0.00, 22000.00, '2026-04-11 01:29:26', '2026-04-11 01:29:26'),
(425, 144, 20, 1, 20000.00, 0.00, 20000.00, '2026-04-11 01:29:26', '2026-04-11 01:29:26'),
(426, 144, 28, 4, 7000.00, 0.00, 28000.00, '2026-04-11 01:29:26', '2026-04-11 01:29:26'),
(427, 145, 15, 3, 6000.00, 0.00, 18000.00, '2026-04-11 01:29:26', '2026-04-11 01:29:26'),
(428, 145, 25, 4, 16000.00, 0.00, 64000.00, '2026-04-11 01:29:27', '2026-04-11 01:29:27'),
(429, 146, 5, 3, 16000.00, 0.00, 48000.00, '2026-04-11 01:29:27', '2026-04-11 01:29:27'),
(430, 147, 2, 2, 3500.00, 0.00, 7000.00, '2026-04-11 01:29:27', '2026-04-11 01:29:27'),
(431, 147, 18, 3, 11000.00, 0.00, 33000.00, '2026-04-11 01:29:27', '2026-04-11 01:29:27'),
(432, 147, 25, 2, 16000.00, 0.00, 32000.00, '2026-04-11 01:29:27', '2026-04-11 01:29:27'),
(433, 148, 7, 3, 3500.00, 0.00, 10500.00, '2026-04-11 01:29:27', '2026-04-11 01:29:27'),
(434, 148, 15, 3, 6000.00, 0.00, 18000.00, '2026-04-11 01:29:27', '2026-04-11 01:29:27'),
(435, 148, 16, 1, 18000.00, 0.00, 18000.00, '2026-04-11 01:29:27', '2026-04-11 01:29:27'),
(436, 149, 14, 5, 21000.00, 0.00, 105000.00, '2026-04-11 01:29:27', '2026-04-11 01:29:27'),
(437, 150, 2, 4, 3500.00, 0.00, 14000.00, '2026-04-11 01:29:27', '2026-04-11 01:29:27'),
(438, 150, 17, 4, 22000.00, 0.00, 88000.00, '2026-04-11 01:29:27', '2026-04-11 01:29:27'),
(439, 150, 18, 5, 11000.00, 0.00, 55000.00, '2026-04-11 01:29:27', '2026-04-11 01:29:27'),
(440, 150, 25, 4, 16000.00, 0.00, 64000.00, '2026-04-11 01:29:27', '2026-04-11 01:29:27'),
(441, 151, 10, 3, 7000.00, 0.00, 21000.00, '2026-04-11 01:29:27', '2026-04-11 01:29:27'),
(442, 151, 13, 2, 25000.00, 0.00, 50000.00, '2026-04-11 01:29:27', '2026-04-11 01:29:27'),
(443, 151, 18, 1, 11000.00, 0.00, 11000.00, '2026-04-11 01:29:27', '2026-04-11 01:29:27'),
(444, 151, 21, 4, 13000.00, 0.00, 52000.00, '2026-04-11 01:29:27', '2026-04-11 01:29:27'),
(445, 151, 23, 3, 5500.00, 0.00, 16500.00, '2026-04-11 01:29:27', '2026-04-11 01:29:27'),
(446, 152, 2, 3, 3500.00, 0.00, 10500.00, '2026-04-11 01:29:27', '2026-04-11 01:29:27'),
(447, 152, 6, 3, 3200.00, 0.00, 9600.00, '2026-04-11 01:29:27', '2026-04-11 01:29:27'),
(448, 152, 10, 5, 7000.00, 0.00, 35000.00, '2026-04-11 01:29:27', '2026-04-11 01:29:27'),
(449, 152, 15, 5, 6000.00, 0.00, 30000.00, '2026-04-11 01:29:27', '2026-04-11 01:29:27'),
(450, 152, 28, 1, 7000.00, 0.00, 7000.00, '2026-04-11 01:29:27', '2026-04-11 01:29:27'),
(451, 153, 10, 5, 7000.00, 0.00, 35000.00, '2026-04-11 01:29:27', '2026-04-11 01:29:27'),
(452, 154, 2, 2, 3500.00, 0.00, 7000.00, '2026-04-11 01:29:27', '2026-04-11 01:29:27'),
(453, 154, 9, 3, 7500.00, 0.00, 22500.00, '2026-04-11 01:29:27', '2026-04-11 01:29:27'),
(454, 154, 14, 3, 21000.00, 0.00, 63000.00, '2026-04-11 01:29:27', '2026-04-11 01:29:27'),
(455, 154, 17, 5, 22000.00, 0.00, 110000.00, '2026-04-11 01:29:27', '2026-04-11 01:29:27'),
(456, 154, 18, 3, 11000.00, 0.00, 33000.00, '2026-04-11 01:29:27', '2026-04-11 01:29:27'),
(457, 155, 2, 5, 3500.00, 0.00, 17500.00, '2026-04-11 01:29:27', '2026-04-11 01:29:27'),
(458, 155, 4, 2, 6500.00, 0.00, 13000.00, '2026-04-11 01:29:27', '2026-04-11 01:29:27'),
(459, 155, 7, 1, 3500.00, 0.00, 3500.00, '2026-04-11 01:29:27', '2026-04-11 01:29:27'),
(460, 155, 17, 3, 22000.00, 0.00, 66000.00, '2026-04-11 01:29:27', '2026-04-11 01:29:27'),
(461, 155, 26, 2, 5000.00, 0.00, 10000.00, '2026-04-11 01:29:27', '2026-04-11 01:29:27'),
(462, 156, 3, 4, 10000.00, 0.00, 40000.00, '2026-04-11 01:29:27', '2026-04-11 01:29:27'),
(463, 156, 15, 2, 6000.00, 0.00, 12000.00, '2026-04-11 01:29:27', '2026-04-11 01:29:27'),
(464, 156, 25, 2, 16000.00, 0.00, 32000.00, '2026-04-11 01:29:27', '2026-04-11 01:29:27'),
(465, 156, 26, 2, 5000.00, 0.00, 10000.00, '2026-04-11 01:29:28', '2026-04-11 01:29:28'),
(466, 157, 9, 4, 7500.00, 0.00, 30000.00, '2026-04-11 01:29:28', '2026-04-11 01:29:28'),
(467, 157, 11, 2, 2500.00, 0.00, 5000.00, '2026-04-11 01:29:28', '2026-04-11 01:29:28'),
(468, 157, 20, 3, 20000.00, 0.00, 60000.00, '2026-04-11 01:29:28', '2026-04-11 01:29:28'),
(469, 157, 22, 4, 10500.00, 0.00, 42000.00, '2026-04-11 01:29:28', '2026-04-11 01:29:28'),
(470, 158, 24, 1, 12000.00, 0.00, 12000.00, '2026-04-11 01:29:28', '2026-04-11 01:29:28'),
(471, 158, 29, 4, 12000.00, 0.00, 48000.00, '2026-04-11 01:29:28', '2026-04-11 01:29:28'),
(472, 159, 9, 1, 7500.00, 0.00, 7500.00, '2026-04-11 01:29:28', '2026-04-11 01:29:28'),
(473, 159, 17, 2, 22000.00, 0.00, 44000.00, '2026-04-11 01:29:28', '2026-04-11 01:29:28'),
(474, 159, 20, 3, 20000.00, 0.00, 60000.00, '2026-04-11 01:29:28', '2026-04-11 01:29:28'),
(475, 160, 9, 1, 7500.00, 0.00, 7500.00, '2026-04-11 01:29:28', '2026-04-11 01:29:28'),
(476, 160, 20, 3, 20000.00, 0.00, 60000.00, '2026-04-11 01:29:28', '2026-04-11 01:29:28'),
(477, 160, 24, 1, 12000.00, 0.00, 12000.00, '2026-04-11 01:29:28', '2026-04-11 01:29:28'),
(478, 160, 30, 1, 5000.00, 0.00, 5000.00, '2026-04-11 01:29:28', '2026-04-11 01:29:28'),
(479, 161, 6, 5, 3200.00, 0.00, 16000.00, '2026-04-11 01:29:28', '2026-04-11 01:29:28'),
(480, 162, 8, 2, 5000.00, 0.00, 10000.00, '2026-04-11 01:29:28', '2026-04-11 01:29:28'),
(481, 162, 15, 1, 6000.00, 0.00, 6000.00, '2026-04-11 01:29:28', '2026-04-11 01:29:28'),
(482, 162, 22, 4, 10500.00, 0.00, 42000.00, '2026-04-11 01:29:28', '2026-04-11 01:29:28'),
(483, 162, 23, 5, 5500.00, 0.00, 27500.00, '2026-04-11 01:29:28', '2026-04-11 01:29:28'),
(484, 162, 25, 5, 16000.00, 0.00, 80000.00, '2026-04-11 01:29:28', '2026-04-11 01:29:28'),
(485, 163, 7, 2, 3500.00, 0.00, 7000.00, '2026-04-11 01:29:28', '2026-04-11 01:29:28'),
(486, 163, 23, 1, 5500.00, 0.00, 5500.00, '2026-04-11 01:29:28', '2026-04-11 01:29:28'),
(487, 163, 28, 2, 7000.00, 0.00, 14000.00, '2026-04-11 01:29:29', '2026-04-11 01:29:29'),
(488, 163, 29, 2, 12000.00, 0.00, 24000.00, '2026-04-11 01:29:29', '2026-04-11 01:29:29'),
(489, 164, 27, 1, 8000.00, 0.00, 8000.00, '2026-04-11 01:29:29', '2026-04-11 01:29:29'),
(490, 164, 28, 2, 7000.00, 0.00, 14000.00, '2026-04-11 01:29:29', '2026-04-11 01:29:29'),
(491, 165, 4, 4, 6500.00, 0.00, 26000.00, '2026-04-11 01:29:29', '2026-04-11 01:29:29'),
(492, 165, 18, 1, 11000.00, 0.00, 11000.00, '2026-04-11 01:29:29', '2026-04-11 01:29:29'),
(493, 165, 19, 5, 3500.00, 0.00, 17500.00, '2026-04-11 01:29:29', '2026-04-11 01:29:29'),
(494, 165, 22, 2, 10500.00, 0.00, 21000.00, '2026-04-11 01:29:29', '2026-04-11 01:29:29'),
(495, 165, 29, 1, 12000.00, 0.00, 12000.00, '2026-04-11 01:29:29', '2026-04-11 01:29:29'),
(496, 166, 1, 2, 3500.00, 0.00, 7000.00, '2026-04-11 01:29:29', '2026-04-11 01:29:29'),
(497, 166, 2, 5, 3500.00, 0.00, 17500.00, '2026-04-11 01:29:29', '2026-04-11 01:29:29'),
(498, 166, 14, 1, 21000.00, 0.00, 21000.00, '2026-04-11 01:29:29', '2026-04-11 01:29:29'),
(499, 166, 24, 1, 12000.00, 0.00, 12000.00, '2026-04-11 01:29:29', '2026-04-11 01:29:29'),
(500, 166, 27, 3, 8000.00, 0.00, 24000.00, '2026-04-11 01:29:29', '2026-04-11 01:29:29'),
(501, 167, 3, 4, 10000.00, 0.00, 40000.00, '2026-04-11 01:29:29', '2026-04-11 01:29:29'),
(502, 167, 14, 3, 21000.00, 0.00, 63000.00, '2026-04-11 01:29:29', '2026-04-11 01:29:29'),
(503, 167, 25, 1, 16000.00, 0.00, 16000.00, '2026-04-11 01:29:29', '2026-04-11 01:29:29'),
(504, 167, 29, 2, 12000.00, 0.00, 24000.00, '2026-04-11 01:29:29', '2026-04-11 01:29:29'),
(505, 168, 14, 3, 21000.00, 0.00, 63000.00, '2026-04-11 01:29:29', '2026-04-11 01:29:29'),
(506, 169, 9, 3, 7500.00, 0.00, 22500.00, '2026-04-11 01:29:29', '2026-04-11 01:29:29'),
(507, 170, 6, 4, 3200.00, 0.00, 12800.00, '2026-04-11 01:29:29', '2026-04-11 01:29:29'),
(508, 170, 13, 4, 25000.00, 0.00, 100000.00, '2026-04-11 01:29:29', '2026-04-11 01:29:29'),
(509, 170, 14, 5, 21000.00, 0.00, 105000.00, '2026-04-11 01:29:29', '2026-04-11 01:29:29'),
(510, 170, 25, 2, 16000.00, 0.00, 32000.00, '2026-04-11 01:29:29', '2026-04-11 01:29:29'),
(511, 170, 27, 2, 8000.00, 0.00, 16000.00, '2026-04-11 01:29:29', '2026-04-11 01:29:29'),
(512, 171, 9, 3, 7500.00, 0.00, 22500.00, '2026-04-11 01:29:29', '2026-04-11 01:29:29'),
(513, 171, 10, 4, 7000.00, 0.00, 28000.00, '2026-04-11 01:29:29', '2026-04-11 01:29:29'),
(514, 171, 22, 1, 10500.00, 0.00, 10500.00, '2026-04-11 01:29:29', '2026-04-11 01:29:29'),
(515, 171, 23, 3, 5500.00, 0.00, 16500.00, '2026-04-11 01:29:29', '2026-04-11 01:29:29'),
(516, 171, 24, 2, 12000.00, 0.00, 24000.00, '2026-04-11 01:29:29', '2026-04-11 01:29:29'),
(517, 172, 11, 2, 2500.00, 0.00, 5000.00, '2026-04-11 01:29:29', '2026-04-11 01:29:29'),
(518, 172, 22, 5, 10500.00, 0.00, 52500.00, '2026-04-11 01:29:29', '2026-04-11 01:29:29'),
(519, 172, 29, 5, 12000.00, 0.00, 60000.00, '2026-04-11 01:29:29', '2026-04-11 01:29:29'),
(520, 173, 1, 1, 3500.00, 0.00, 3500.00, '2026-04-11 01:29:29', '2026-04-11 01:29:29'),
(521, 173, 13, 3, 25000.00, 0.00, 75000.00, '2026-04-11 01:29:29', '2026-04-11 01:29:29'),
(522, 173, 21, 5, 13000.00, 0.00, 65000.00, '2026-04-11 01:29:30', '2026-04-11 01:29:30'),
(523, 174, 20, 2, 20000.00, 0.00, 40000.00, '2026-04-11 01:29:30', '2026-04-11 01:29:30'),
(524, 174, 23, 5, 5500.00, 0.00, 27500.00, '2026-04-11 01:29:30', '2026-04-11 01:29:30'),
(525, 174, 30, 2, 5000.00, 0.00, 10000.00, '2026-04-11 01:29:30', '2026-04-11 01:29:30'),
(526, 175, 1, 5, 3500.00, 0.00, 17500.00, '2026-04-11 01:29:30', '2026-04-11 01:29:30'),
(527, 175, 4, 4, 6500.00, 0.00, 26000.00, '2026-04-11 01:29:30', '2026-04-11 01:29:30'),
(528, 175, 16, 2, 18000.00, 0.00, 36000.00, '2026-04-11 01:29:30', '2026-04-11 01:29:30'),
(529, 175, 21, 3, 13000.00, 0.00, 39000.00, '2026-04-11 01:29:30', '2026-04-11 01:29:30'),
(530, 175, 28, 2, 7000.00, 0.00, 14000.00, '2026-04-11 01:29:30', '2026-04-11 01:29:30'),
(531, 176, 1, 4, 3500.00, 0.00, 14000.00, '2026-04-11 01:29:30', '2026-04-11 01:29:30'),
(532, 176, 8, 4, 5000.00, 0.00, 20000.00, '2026-04-11 01:29:30', '2026-04-11 01:29:30'),
(533, 176, 16, 1, 18000.00, 0.00, 18000.00, '2026-04-11 01:29:30', '2026-04-11 01:29:30'),
(534, 176, 17, 2, 22000.00, 0.00, 44000.00, '2026-04-11 01:29:30', '2026-04-11 01:29:30'),
(535, 176, 26, 2, 5000.00, 0.00, 10000.00, '2026-04-11 01:29:30', '2026-04-11 01:29:30'),
(536, 177, 28, 2, 7000.00, 0.00, 14000.00, '2026-04-11 01:29:30', '2026-04-11 01:29:30'),
(537, 177, 29, 3, 12000.00, 0.00, 36000.00, '2026-04-11 01:29:30', '2026-04-11 01:29:30'),
(538, 177, 30, 3, 5000.00, 0.00, 15000.00, '2026-04-11 01:29:30', '2026-04-11 01:29:30'),
(539, 178, 16, 4, 18000.00, 0.00, 72000.00, '2026-04-11 01:29:30', '2026-04-11 01:29:30'),
(540, 178, 18, 3, 11000.00, 0.00, 33000.00, '2026-04-11 01:29:30', '2026-04-11 01:29:30'),
(541, 179, 4, 4, 6500.00, 0.00, 26000.00, '2026-04-11 01:29:30', '2026-04-11 01:29:30'),
(542, 179, 5, 4, 16000.00, 0.00, 64000.00, '2026-04-11 01:29:30', '2026-04-11 01:29:30'),
(543, 179, 19, 4, 3500.00, 0.00, 14000.00, '2026-04-11 01:29:30', '2026-04-11 01:29:30'),
(544, 179, 29, 3, 12000.00, 0.00, 36000.00, '2026-04-11 01:29:30', '2026-04-11 01:29:30'),
(545, 180, 2, 4, 3500.00, 0.00, 14000.00, '2026-04-11 01:29:30', '2026-04-11 01:29:30'),
(546, 180, 4, 2, 6500.00, 0.00, 13000.00, '2026-04-11 01:29:30', '2026-04-11 01:29:30'),
(547, 180, 7, 2, 3500.00, 0.00, 7000.00, '2026-04-11 01:29:30', '2026-04-11 01:29:30'),
(548, 180, 10, 2, 7000.00, 0.00, 14000.00, '2026-04-11 01:29:30', '2026-04-11 01:29:30'),
(549, 181, 22, 1, 10500.00, 0.00, 10500.00, '2026-04-11 01:29:30', '2026-04-11 01:29:30'),
(550, 182, 8, 1, 5000.00, 0.00, 5000.00, '2026-04-11 01:29:30', '2026-04-11 01:29:30'),
(551, 182, 10, 4, 7000.00, 0.00, 28000.00, '2026-04-11 01:29:30', '2026-04-11 01:29:30'),
(552, 182, 14, 3, 21000.00, 0.00, 63000.00, '2026-04-11 01:29:30', '2026-04-11 01:29:30'),
(553, 182, 17, 2, 22000.00, 0.00, 44000.00, '2026-04-11 01:29:30', '2026-04-11 01:29:30'),
(554, 182, 23, 5, 5500.00, 0.00, 27500.00, '2026-04-11 01:29:30', '2026-04-11 01:29:30'),
(555, 183, 12, 5, 23000.00, 0.00, 115000.00, '2026-04-11 01:29:31', '2026-04-11 01:29:31'),
(556, 183, 19, 1, 3500.00, 0.00, 3500.00, '2026-04-11 01:29:31', '2026-04-11 01:29:31'),
(557, 183, 30, 3, 5000.00, 0.00, 15000.00, '2026-04-11 01:29:31', '2026-04-11 01:29:31'),
(558, 184, 8, 2, 5000.00, 0.00, 10000.00, '2026-04-11 01:29:31', '2026-04-11 01:29:31'),
(559, 185, 9, 3, 7500.00, 0.00, 22500.00, '2026-04-11 01:29:31', '2026-04-11 01:29:31'),
(560, 186, 3, 2, 10000.00, 0.00, 20000.00, '2026-04-11 01:29:31', '2026-04-11 01:29:31'),
(561, 186, 4, 1, 6500.00, 0.00, 6500.00, '2026-04-11 01:29:31', '2026-04-11 01:29:31'),
(562, 186, 21, 2, 13000.00, 0.00, 26000.00, '2026-04-11 01:29:31', '2026-04-11 01:29:31'),
(563, 186, 23, 4, 5500.00, 0.00, 22000.00, '2026-04-11 01:29:31', '2026-04-11 01:29:31'),
(564, 187, 1, 1, 3500.00, 0.00, 3500.00, '2026-04-11 01:29:31', '2026-04-11 01:29:31'),
(565, 187, 6, 4, 3200.00, 0.00, 12800.00, '2026-04-11 01:29:31', '2026-04-11 01:29:31'),
(566, 187, 11, 1, 2500.00, 0.00, 2500.00, '2026-04-11 01:29:31', '2026-04-11 01:29:31'),
(567, 187, 16, 5, 18000.00, 0.00, 90000.00, '2026-04-11 01:29:31', '2026-04-11 01:29:31'),
(568, 187, 25, 5, 16000.00, 0.00, 80000.00, '2026-04-11 01:29:31', '2026-04-11 01:29:31'),
(569, 188, 2, 4, 3500.00, 0.00, 14000.00, '2026-04-11 01:29:31', '2026-04-11 01:29:31'),
(570, 188, 6, 5, 3200.00, 0.00, 16000.00, '2026-04-11 01:29:31', '2026-04-11 01:29:31'),
(571, 188, 12, 3, 23000.00, 0.00, 69000.00, '2026-04-11 01:29:31', '2026-04-11 01:29:31');
INSERT INTO `detail_transaksis` (`detail_id`, `transaksi_id`, `produk_id`, `jumlah`, `harga_satuan`, `diskon_item`, `subtotal`, `created_at`, `updated_at`) VALUES
(572, 188, 14, 1, 21000.00, 0.00, 21000.00, '2026-04-11 01:29:31', '2026-04-11 01:29:31'),
(573, 188, 28, 3, 7000.00, 0.00, 21000.00, '2026-04-11 01:29:31', '2026-04-11 01:29:31'),
(574, 189, 11, 1, 2500.00, 0.00, 2500.00, '2026-04-11 01:29:31', '2026-04-11 01:29:31'),
(575, 189, 20, 2, 20000.00, 0.00, 40000.00, '2026-04-11 01:29:31', '2026-04-11 01:29:31'),
(576, 189, 24, 4, 12000.00, 0.00, 48000.00, '2026-04-11 01:29:31', '2026-04-11 01:29:31'),
(577, 190, 30, 1, 5000.00, 0.00, 5000.00, '2026-04-11 01:29:31', '2026-04-11 01:29:31'),
(578, 191, 4, 5, 6500.00, 0.00, 32500.00, '2026-04-11 01:29:31', '2026-04-11 01:29:31'),
(579, 191, 10, 3, 7000.00, 0.00, 21000.00, '2026-04-11 01:29:31', '2026-04-11 01:29:31'),
(580, 192, 19, 4, 3500.00, 0.00, 14000.00, '2026-04-11 01:29:31', '2026-04-11 01:29:31'),
(581, 192, 28, 2, 7000.00, 0.00, 14000.00, '2026-04-11 01:29:31', '2026-04-11 01:29:31'),
(582, 193, 1, 5, 3500.00, 0.00, 17500.00, '2026-04-11 01:29:31', '2026-04-11 01:29:31'),
(583, 193, 11, 2, 2500.00, 0.00, 5000.00, '2026-04-11 01:29:31', '2026-04-11 01:29:31'),
(584, 194, 8, 5, 5000.00, 0.00, 25000.00, '2026-04-11 01:29:31', '2026-04-11 01:29:31'),
(585, 194, 19, 3, 3500.00, 0.00, 10500.00, '2026-04-11 01:29:31', '2026-04-11 01:29:31'),
(586, 194, 23, 4, 5500.00, 0.00, 22000.00, '2026-04-11 01:29:31', '2026-04-11 01:29:31'),
(587, 195, 7, 5, 3500.00, 0.00, 17500.00, '2026-04-11 01:29:31', '2026-04-11 01:29:31'),
(588, 195, 12, 4, 23000.00, 0.00, 92000.00, '2026-04-11 01:29:31', '2026-04-11 01:29:31'),
(589, 195, 16, 3, 18000.00, 0.00, 54000.00, '2026-04-11 01:29:32', '2026-04-11 01:29:32'),
(590, 195, 25, 3, 16000.00, 0.00, 48000.00, '2026-04-11 01:29:32', '2026-04-11 01:29:32'),
(591, 196, 1, 2, 3500.00, 0.00, 7000.00, '2026-04-11 01:29:32', '2026-04-11 01:29:32'),
(592, 196, 10, 2, 7000.00, 0.00, 14000.00, '2026-04-11 01:29:32', '2026-04-11 01:29:32'),
(593, 196, 15, 4, 6000.00, 0.00, 24000.00, '2026-04-11 01:29:32', '2026-04-11 01:29:32'),
(594, 196, 16, 5, 18000.00, 0.00, 90000.00, '2026-04-11 01:29:32', '2026-04-11 01:29:32'),
(595, 197, 5, 5, 16000.00, 0.00, 80000.00, '2026-04-11 01:29:32', '2026-04-11 01:29:32'),
(596, 197, 8, 4, 5000.00, 0.00, 20000.00, '2026-04-11 01:29:32', '2026-04-11 01:29:32'),
(597, 197, 11, 2, 2500.00, 0.00, 5000.00, '2026-04-11 01:29:32', '2026-04-11 01:29:32'),
(598, 197, 14, 3, 21000.00, 0.00, 63000.00, '2026-04-11 01:29:32', '2026-04-11 01:29:32'),
(599, 198, 2, 3, 3500.00, 0.00, 10500.00, '2026-04-11 01:29:32', '2026-04-11 01:29:32'),
(600, 198, 10, 2, 7000.00, 0.00, 14000.00, '2026-04-11 01:29:32', '2026-04-11 01:29:32'),
(601, 198, 12, 5, 23000.00, 0.00, 115000.00, '2026-04-11 01:29:32', '2026-04-11 01:29:32'),
(602, 199, 30, 2, 5000.00, 0.00, 10000.00, '2026-04-11 01:29:32', '2026-04-11 01:29:32'),
(603, 200, 2, 2, 3500.00, 0.00, 7000.00, '2026-04-11 01:29:32', '2026-04-11 01:29:32'),
(604, 200, 11, 4, 2500.00, 0.00, 10000.00, '2026-04-11 01:29:32', '2026-04-11 01:29:32'),
(605, 200, 25, 5, 16000.00, 0.00, 80000.00, '2026-04-11 01:29:32', '2026-04-11 01:29:32'),
(606, 200, 27, 2, 8000.00, 0.00, 16000.00, '2026-04-11 01:29:32', '2026-04-11 01:29:32'),
(607, 201, 5, 2, 16000.00, 0.00, 32000.00, '2026-04-11 01:29:32', '2026-04-11 01:29:32'),
(608, 202, 3, 4, 10000.00, 0.00, 40000.00, '2026-04-11 01:29:32', '2026-04-11 01:29:32'),
(609, 202, 23, 5, 5500.00, 0.00, 27500.00, '2026-04-11 01:29:32', '2026-04-11 01:29:32'),
(610, 203, 25, 1, 16000.00, 0.00, 16000.00, '2026-04-11 01:29:32', '2026-04-11 01:29:32'),
(611, 204, 10, 1, 7000.00, 0.00, 7000.00, '2026-04-11 01:29:32', '2026-04-11 01:29:32'),
(612, 204, 17, 2, 22000.00, 0.00, 44000.00, '2026-04-11 01:29:32', '2026-04-11 01:29:32'),
(613, 204, 20, 2, 20000.00, 0.00, 40000.00, '2026-04-11 01:29:32', '2026-04-11 01:29:32'),
(614, 205, 19, 4, 3500.00, 0.00, 14000.00, '2026-04-11 01:29:32', '2026-04-11 01:29:32'),
(615, 206, 9, 4, 7500.00, 0.00, 30000.00, '2026-04-11 01:29:32', '2026-04-11 01:29:32'),
(616, 206, 20, 2, 20000.00, 0.00, 40000.00, '2026-04-11 01:29:32', '2026-04-11 01:29:32'),
(617, 206, 22, 1, 10500.00, 0.00, 10500.00, '2026-04-11 01:29:32', '2026-04-11 01:29:32'),
(618, 206, 23, 5, 5500.00, 0.00, 27500.00, '2026-04-11 01:29:32', '2026-04-11 01:29:32'),
(619, 207, 23, 4, 5500.00, 0.00, 22000.00, '2026-04-11 01:29:33', '2026-04-11 01:29:33'),
(620, 208, 10, 4, 7000.00, 0.00, 28000.00, '2026-04-11 01:29:33', '2026-04-11 01:29:33'),
(621, 208, 14, 4, 21000.00, 0.00, 84000.00, '2026-04-11 01:29:33', '2026-04-11 01:29:33'),
(622, 208, 15, 4, 6000.00, 0.00, 24000.00, '2026-04-11 01:29:33', '2026-04-11 01:29:33'),
(623, 208, 17, 3, 22000.00, 0.00, 66000.00, '2026-04-11 01:29:33', '2026-04-11 01:29:33'),
(624, 208, 21, 4, 13000.00, 0.00, 52000.00, '2026-04-11 01:29:33', '2026-04-11 01:29:33'),
(625, 209, 2, 4, 3500.00, 0.00, 14000.00, '2026-04-11 01:29:33', '2026-04-11 01:29:33'),
(626, 209, 9, 5, 7500.00, 0.00, 37500.00, '2026-04-11 01:29:33', '2026-04-11 01:29:33'),
(627, 209, 16, 5, 18000.00, 0.00, 90000.00, '2026-04-11 01:29:33', '2026-04-11 01:29:33'),
(628, 209, 21, 4, 13000.00, 0.00, 52000.00, '2026-04-11 01:29:33', '2026-04-11 01:29:33'),
(629, 209, 30, 4, 5000.00, 0.00, 20000.00, '2026-04-11 01:29:33', '2026-04-11 01:29:33'),
(630, 210, 12, 3, 23000.00, 0.00, 69000.00, '2026-04-11 01:29:33', '2026-04-11 01:29:33'),
(631, 210, 26, 3, 5000.00, 0.00, 15000.00, '2026-04-11 01:29:33', '2026-04-11 01:29:33'),
(632, 211, 1, 4, 3500.00, 0.00, 14000.00, '2026-04-11 01:29:33', '2026-04-11 01:29:33'),
(633, 211, 10, 3, 7000.00, 0.00, 21000.00, '2026-04-11 01:29:33', '2026-04-11 01:29:33'),
(634, 211, 16, 5, 18000.00, 0.00, 90000.00, '2026-04-11 01:29:33', '2026-04-11 01:29:33'),
(635, 212, 1, 2, 3500.00, 0.00, 7000.00, '2026-04-11 01:29:33', '2026-04-11 01:29:33'),
(636, 212, 4, 5, 6500.00, 0.00, 32500.00, '2026-04-11 01:29:33', '2026-04-11 01:29:33'),
(637, 212, 5, 2, 16000.00, 0.00, 32000.00, '2026-04-11 01:29:33', '2026-04-11 01:29:33'),
(638, 212, 14, 2, 21000.00, 0.00, 42000.00, '2026-04-11 01:29:33', '2026-04-11 01:29:33'),
(639, 213, 4, 5, 6500.00, 0.00, 32500.00, '2026-04-11 01:29:33', '2026-04-11 01:29:33'),
(640, 213, 17, 2, 22000.00, 0.00, 44000.00, '2026-04-11 01:29:33', '2026-04-11 01:29:33'),
(641, 213, 22, 5, 10500.00, 0.00, 52500.00, '2026-04-11 01:29:33', '2026-04-11 01:29:33'),
(642, 213, 30, 2, 5000.00, 0.00, 10000.00, '2026-04-11 01:29:33', '2026-04-11 01:29:33'),
(643, 214, 7, 5, 3500.00, 0.00, 17500.00, '2026-04-11 01:29:33', '2026-04-11 01:29:33'),
(644, 214, 11, 3, 2500.00, 0.00, 7500.00, '2026-04-11 01:29:33', '2026-04-11 01:29:33'),
(645, 215, 9, 2, 7500.00, 0.00, 15000.00, '2026-04-11 01:29:33', '2026-04-11 01:29:33'),
(646, 215, 20, 1, 20000.00, 0.00, 20000.00, '2026-04-11 01:29:33', '2026-04-11 01:29:33'),
(647, 216, 6, 4, 3200.00, 0.00, 12800.00, '2026-04-11 01:29:33', '2026-04-11 01:29:33'),
(648, 216, 7, 5, 3500.00, 0.00, 17500.00, '2026-04-11 01:29:33', '2026-04-11 01:29:33'),
(649, 216, 21, 4, 13000.00, 0.00, 52000.00, '2026-04-11 01:29:33', '2026-04-11 01:29:33'),
(650, 216, 23, 4, 5500.00, 0.00, 22000.00, '2026-04-11 01:29:33', '2026-04-11 01:29:33'),
(651, 217, 3, 4, 10000.00, 0.00, 40000.00, '2026-04-11 01:29:34', '2026-04-11 01:29:34'),
(652, 217, 16, 2, 18000.00, 0.00, 36000.00, '2026-04-11 01:29:34', '2026-04-11 01:29:34'),
(653, 218, 4, 1, 6500.00, 0.00, 6500.00, '2026-04-11 01:29:34', '2026-04-11 01:29:34'),
(654, 219, 1, 5, 3500.00, 0.00, 17500.00, '2026-04-11 01:29:34', '2026-04-11 01:29:34'),
(655, 219, 19, 1, 3500.00, 0.00, 3500.00, '2026-04-11 01:29:34', '2026-04-11 01:29:34'),
(656, 220, 1, 3, 3500.00, 0.00, 10500.00, '2026-04-11 01:29:34', '2026-04-11 01:29:34'),
(657, 220, 14, 3, 21000.00, 0.00, 63000.00, '2026-04-11 01:29:34', '2026-04-11 01:29:34'),
(658, 220, 19, 1, 3500.00, 0.00, 3500.00, '2026-04-11 01:29:34', '2026-04-11 01:29:34'),
(659, 220, 20, 4, 20000.00, 0.00, 80000.00, '2026-04-11 01:29:34', '2026-04-11 01:29:34'),
(660, 221, 10, 2, 7000.00, 0.00, 14000.00, '2026-04-11 01:29:34', '2026-04-11 01:29:34'),
(661, 222, 14, 1, 21000.00, 0.00, 21000.00, '2026-04-11 01:29:34', '2026-04-11 01:29:34'),
(662, 222, 18, 2, 11000.00, 0.00, 22000.00, '2026-04-11 01:29:34', '2026-04-11 01:29:34'),
(663, 223, 8, 4, 5000.00, 0.00, 20000.00, '2026-04-11 01:29:34', '2026-04-11 01:29:34'),
(664, 223, 18, 3, 11000.00, 0.00, 33000.00, '2026-04-11 01:29:34', '2026-04-11 01:29:34'),
(665, 223, 22, 5, 10500.00, 0.00, 52500.00, '2026-04-11 01:29:34', '2026-04-11 01:29:34'),
(666, 223, 23, 1, 5500.00, 0.00, 5500.00, '2026-04-11 01:29:34', '2026-04-11 01:29:34'),
(667, 224, 3, 3, 10000.00, 0.00, 30000.00, '2026-04-11 01:29:34', '2026-04-11 01:29:34'),
(668, 224, 6, 2, 3200.00, 0.00, 6400.00, '2026-04-11 01:29:34', '2026-04-11 01:29:34'),
(669, 224, 9, 5, 7500.00, 0.00, 37500.00, '2026-04-11 01:29:34', '2026-04-11 01:29:34'),
(670, 224, 15, 3, 6000.00, 0.00, 18000.00, '2026-04-11 01:29:34', '2026-04-11 01:29:34'),
(671, 224, 24, 5, 12000.00, 0.00, 60000.00, '2026-04-11 01:29:34', '2026-04-11 01:29:34'),
(672, 225, 12, 5, 23000.00, 0.00, 115000.00, '2026-04-11 01:29:34', '2026-04-11 01:29:34'),
(673, 225, 15, 2, 6000.00, 0.00, 12000.00, '2026-04-11 01:29:34', '2026-04-11 01:29:34'),
(674, 225, 27, 1, 8000.00, 0.00, 8000.00, '2026-04-11 01:29:34', '2026-04-11 01:29:34'),
(675, 226, 10, 2, 7000.00, 0.00, 14000.00, '2026-04-11 01:29:34', '2026-04-11 01:29:34'),
(676, 226, 23, 5, 5500.00, 0.00, 27500.00, '2026-04-11 01:29:34', '2026-04-11 01:29:34'),
(677, 227, 24, 3, 12000.00, 0.00, 36000.00, '2026-04-11 01:29:34', '2026-04-11 01:29:34'),
(678, 228, 17, 1, 22000.00, 0.00, 22000.00, '2026-04-11 01:29:34', '2026-04-11 01:29:34'),
(679, 228, 30, 3, 5000.00, 0.00, 15000.00, '2026-04-11 01:29:34', '2026-04-11 01:29:34'),
(680, 229, 17, 5, 22000.00, 0.00, 110000.00, '2026-04-11 01:29:34', '2026-04-11 01:29:34'),
(681, 229, 25, 5, 16000.00, 0.00, 80000.00, '2026-04-11 01:29:34', '2026-04-11 01:29:34'),
(682, 229, 30, 3, 5000.00, 0.00, 15000.00, '2026-04-11 01:29:34', '2026-04-11 01:29:34'),
(683, 230, 13, 2, 25000.00, 0.00, 50000.00, '2026-04-11 01:29:34', '2026-04-11 01:29:34'),
(684, 230, 19, 1, 3500.00, 0.00, 3500.00, '2026-04-11 01:29:35', '2026-04-11 01:29:35'),
(685, 230, 21, 2, 13000.00, 0.00, 26000.00, '2026-04-11 01:29:35', '2026-04-11 01:29:35'),
(686, 231, 6, 1, 3200.00, 0.00, 3200.00, '2026-04-11 01:29:35', '2026-04-11 01:29:35'),
(687, 231, 15, 4, 6000.00, 0.00, 24000.00, '2026-04-11 01:29:35', '2026-04-11 01:29:35'),
(688, 232, 4, 5, 6500.00, 0.00, 32500.00, '2026-04-11 01:29:35', '2026-04-11 01:29:35'),
(689, 232, 8, 4, 5000.00, 0.00, 20000.00, '2026-04-11 01:29:35', '2026-04-11 01:29:35'),
(690, 232, 10, 2, 7000.00, 0.00, 14000.00, '2026-04-11 01:29:35', '2026-04-11 01:29:35'),
(691, 232, 20, 2, 20000.00, 0.00, 40000.00, '2026-04-11 01:29:35', '2026-04-11 01:29:35'),
(692, 232, 23, 1, 5500.00, 0.00, 5500.00, '2026-04-11 01:29:35', '2026-04-11 01:29:35'),
(693, 233, 5, 3, 16000.00, 0.00, 48000.00, '2026-04-11 01:29:35', '2026-04-11 01:29:35'),
(694, 233, 29, 4, 12000.00, 0.00, 48000.00, '2026-04-11 01:29:35', '2026-04-11 01:29:35'),
(695, 234, 19, 3, 3500.00, 0.00, 10500.00, '2026-04-11 01:29:35', '2026-04-11 01:29:35'),
(696, 234, 20, 5, 20000.00, 0.00, 100000.00, '2026-04-11 01:29:35', '2026-04-11 01:29:35'),
(697, 234, 28, 4, 7000.00, 0.00, 28000.00, '2026-04-11 01:29:35', '2026-04-11 01:29:35'),
(698, 235, 10, 4, 7000.00, 0.00, 28000.00, '2026-04-11 01:29:35', '2026-04-11 01:29:35'),
(699, 235, 27, 3, 8000.00, 0.00, 24000.00, '2026-04-11 01:29:35', '2026-04-11 01:29:35'),
(700, 235, 30, 2, 5000.00, 0.00, 10000.00, '2026-04-11 01:29:35', '2026-04-11 01:29:35'),
(701, 236, 3, 2, 10000.00, 0.00, 20000.00, '2026-04-11 01:29:35', '2026-04-11 01:29:35'),
(702, 236, 6, 1, 3200.00, 0.00, 3200.00, '2026-04-11 01:29:35', '2026-04-11 01:29:35'),
(703, 236, 13, 4, 25000.00, 0.00, 100000.00, '2026-04-11 01:29:35', '2026-04-11 01:29:35'),
(704, 236, 27, 3, 8000.00, 0.00, 24000.00, '2026-04-11 01:29:35', '2026-04-11 01:29:35'),
(705, 237, 5, 4, 16000.00, 0.00, 64000.00, '2026-04-11 01:29:35', '2026-04-11 01:29:35'),
(706, 237, 18, 4, 11000.00, 0.00, 44000.00, '2026-04-11 01:29:35', '2026-04-11 01:29:35'),
(707, 238, 4, 2, 6500.00, 0.00, 13000.00, '2026-04-11 01:29:35', '2026-04-11 01:29:35'),
(708, 238, 6, 3, 3200.00, 0.00, 9600.00, '2026-04-11 01:29:35', '2026-04-11 01:29:35'),
(709, 238, 12, 2, 23000.00, 0.00, 46000.00, '2026-04-11 01:29:35', '2026-04-11 01:29:35'),
(710, 238, 20, 5, 20000.00, 0.00, 100000.00, '2026-04-11 01:29:35', '2026-04-11 01:29:35'),
(711, 238, 25, 5, 16000.00, 0.00, 80000.00, '2026-04-11 01:29:35', '2026-04-11 01:29:35'),
(712, 239, 9, 3, 7500.00, 0.00, 22500.00, '2026-04-11 01:29:35', '2026-04-11 01:29:35'),
(713, 240, 1, 4, 3500.00, 0.00, 14000.00, '2026-04-11 01:29:35', '2026-04-11 01:29:35'),
(714, 240, 23, 1, 5500.00, 0.00, 5500.00, '2026-04-11 01:29:35', '2026-04-11 01:29:35'),
(715, 240, 24, 1, 12000.00, 0.00, 12000.00, '2026-04-11 01:29:35', '2026-04-11 01:29:35'),
(716, 241, 7, 1, 3500.00, 0.00, 3500.00, '2026-04-11 01:29:36', '2026-04-11 01:29:36'),
(717, 241, 10, 3, 7000.00, 0.00, 21000.00, '2026-04-11 01:29:36', '2026-04-11 01:29:36'),
(718, 241, 14, 4, 21000.00, 0.00, 84000.00, '2026-04-11 01:29:36', '2026-04-11 01:29:36'),
(719, 241, 15, 1, 6000.00, 0.00, 6000.00, '2026-04-11 01:29:36', '2026-04-11 01:29:36'),
(720, 241, 20, 3, 20000.00, 0.00, 60000.00, '2026-04-11 01:29:36', '2026-04-11 01:29:36'),
(721, 242, 8, 5, 5000.00, 0.00, 25000.00, '2026-04-11 01:29:36', '2026-04-11 01:29:36'),
(722, 242, 14, 1, 21000.00, 0.00, 21000.00, '2026-04-11 01:29:36', '2026-04-11 01:29:36'),
(723, 242, 24, 3, 12000.00, 0.00, 36000.00, '2026-04-11 01:29:36', '2026-04-11 01:29:36'),
(724, 242, 28, 2, 7000.00, 0.00, 14000.00, '2026-04-11 01:29:36', '2026-04-11 01:29:36'),
(725, 242, 29, 3, 12000.00, 0.00, 36000.00, '2026-04-11 01:29:36', '2026-04-11 01:29:36'),
(726, 243, 10, 4, 7000.00, 0.00, 28000.00, '2026-04-11 01:29:36', '2026-04-11 01:29:36'),
(727, 243, 30, 2, 5000.00, 0.00, 10000.00, '2026-04-11 01:29:36', '2026-04-11 01:29:36'),
(728, 244, 14, 5, 21000.00, 0.00, 105000.00, '2026-04-11 01:29:36', '2026-04-11 01:29:36'),
(729, 244, 23, 4, 5500.00, 0.00, 22000.00, '2026-04-11 01:29:36', '2026-04-11 01:29:36'),
(730, 245, 10, 1, 7000.00, 0.00, 7000.00, '2026-04-11 01:29:36', '2026-04-11 01:29:36'),
(731, 245, 11, 3, 2500.00, 0.00, 7500.00, '2026-04-11 01:29:36', '2026-04-11 01:29:36'),
(732, 245, 28, 2, 7000.00, 0.00, 14000.00, '2026-04-11 01:29:36', '2026-04-11 01:29:36'),
(733, 246, 6, 4, 3200.00, 0.00, 12800.00, '2026-04-11 01:29:36', '2026-04-11 01:29:36'),
(734, 246, 28, 1, 7000.00, 0.00, 7000.00, '2026-04-11 01:29:37', '2026-04-11 01:29:37'),
(735, 247, 24, 1, 12000.00, 0.00, 12000.00, '2026-04-11 01:29:37', '2026-04-11 01:29:37'),
(736, 247, 27, 1, 8000.00, 0.00, 8000.00, '2026-04-11 01:29:38', '2026-04-11 01:29:38'),
(737, 248, 4, 4, 6500.00, 0.00, 26000.00, '2026-04-11 01:29:39', '2026-04-11 01:29:39'),
(738, 248, 23, 5, 5500.00, 0.00, 27500.00, '2026-04-11 01:29:39', '2026-04-11 01:29:39'),
(739, 248, 28, 5, 7000.00, 0.00, 35000.00, '2026-04-11 01:29:39', '2026-04-11 01:29:39'),
(740, 249, 22, 1, 10500.00, 0.00, 10500.00, '2026-04-11 01:29:39', '2026-04-11 01:29:39'),
(741, 250, 4, 5, 6500.00, 0.00, 32500.00, '2026-04-11 01:29:39', '2026-04-11 01:29:39'),
(742, 250, 5, 5, 16000.00, 0.00, 80000.00, '2026-04-11 01:29:39', '2026-04-11 01:29:39'),
(743, 251, 2, 2, 3500.00, 0.00, 7000.00, '2026-04-11 01:29:39', '2026-04-11 01:29:39'),
(744, 251, 5, 2, 16000.00, 0.00, 32000.00, '2026-04-11 01:29:39', '2026-04-11 01:29:39'),
(745, 251, 7, 3, 3500.00, 0.00, 10500.00, '2026-04-11 01:29:39', '2026-04-11 01:29:39'),
(746, 251, 10, 4, 7000.00, 0.00, 28000.00, '2026-04-11 01:29:39', '2026-04-11 01:29:39'),
(747, 252, 12, 2, 23000.00, 0.00, 46000.00, '2026-04-11 01:29:39', '2026-04-11 01:29:39'),
(748, 252, 19, 5, 3500.00, 0.00, 17500.00, '2026-04-11 01:29:39', '2026-04-11 01:29:39'),
(749, 252, 30, 3, 5000.00, 0.00, 15000.00, '2026-04-11 01:29:39', '2026-04-11 01:29:39'),
(750, 253, 2, 5, 3500.00, 0.00, 17500.00, '2026-04-11 01:29:39', '2026-04-11 01:29:39'),
(751, 253, 4, 1, 6500.00, 0.00, 6500.00, '2026-04-11 01:29:39', '2026-04-11 01:29:39'),
(752, 253, 5, 5, 16000.00, 0.00, 80000.00, '2026-04-11 01:29:39', '2026-04-11 01:29:39'),
(753, 254, 1, 1, 3500.00, 0.00, 3500.00, '2026-04-11 01:29:40', '2026-04-11 01:29:40'),
(754, 255, 2, 3, 3500.00, 0.00, 10500.00, '2026-04-11 01:29:40', '2026-04-11 01:29:40'),
(755, 255, 4, 2, 6500.00, 0.00, 13000.00, '2026-04-11 01:29:40', '2026-04-11 01:29:40'),
(756, 255, 13, 4, 25000.00, 0.00, 100000.00, '2026-04-11 01:29:40', '2026-04-11 01:29:40'),
(757, 255, 18, 3, 11000.00, 0.00, 33000.00, '2026-04-11 01:29:40', '2026-04-11 01:29:40'),
(758, 256, 4, 3, 6500.00, 0.00, 19500.00, '2026-04-11 01:29:40', '2026-04-11 01:29:40'),
(759, 256, 6, 2, 3200.00, 0.00, 6400.00, '2026-04-11 01:29:40', '2026-04-11 01:29:40'),
(760, 256, 18, 3, 11000.00, 0.00, 33000.00, '2026-04-11 01:29:40', '2026-04-11 01:29:40'),
(761, 257, 4, 2, 6500.00, 0.00, 13000.00, '2026-04-11 01:29:40', '2026-04-11 01:29:40'),
(762, 257, 5, 4, 16000.00, 0.00, 64000.00, '2026-04-11 01:29:40', '2026-04-11 01:29:40'),
(763, 257, 16, 4, 18000.00, 0.00, 72000.00, '2026-04-11 01:29:40', '2026-04-11 01:29:40'),
(764, 258, 4, 1, 6500.00, 0.00, 6500.00, '2026-04-11 01:29:40', '2026-04-11 01:29:40'),
(765, 258, 9, 3, 7500.00, 0.00, 22500.00, '2026-04-11 01:29:40', '2026-04-11 01:29:40'),
(766, 259, 4, 1, 6500.00, 0.00, 6500.00, '2026-04-11 01:29:40', '2026-04-11 01:29:40'),
(767, 259, 9, 3, 7500.00, 0.00, 22500.00, '2026-04-11 01:29:40', '2026-04-11 01:29:40'),
(768, 259, 19, 1, 3500.00, 0.00, 3500.00, '2026-04-11 01:29:40', '2026-04-11 01:29:40'),
(769, 259, 20, 2, 20000.00, 0.00, 40000.00, '2026-04-11 01:29:40', '2026-04-11 01:29:40'),
(770, 260, 8, 2, 5000.00, 0.00, 10000.00, '2026-04-11 01:29:40', '2026-04-11 01:29:40'),
(771, 260, 12, 5, 23000.00, 0.00, 115000.00, '2026-04-11 01:29:40', '2026-04-11 01:29:40'),
(772, 260, 14, 3, 21000.00, 0.00, 63000.00, '2026-04-11 01:29:40', '2026-04-11 01:29:40'),
(773, 260, 23, 2, 5500.00, 0.00, 11000.00, '2026-04-11 01:29:40', '2026-04-11 01:29:40'),
(774, 260, 27, 1, 8000.00, 0.00, 8000.00, '2026-04-11 01:29:40', '2026-04-11 01:29:40'),
(775, 261, 5, 5, 16000.00, 0.00, 80000.00, '2026-04-11 01:29:40', '2026-04-11 01:29:40'),
(776, 261, 20, 1, 20000.00, 0.00, 20000.00, '2026-04-11 01:29:40', '2026-04-11 01:29:40'),
(777, 261, 23, 5, 5500.00, 0.00, 27500.00, '2026-04-11 01:29:40', '2026-04-11 01:29:40'),
(778, 262, 10, 5, 7000.00, 0.00, 35000.00, '2026-04-11 01:29:40', '2026-04-11 01:29:40'),
(779, 262, 16, 3, 18000.00, 0.00, 54000.00, '2026-04-11 01:29:40', '2026-04-11 01:29:40'),
(780, 263, 18, 1, 11000.00, 0.00, 11000.00, '2026-04-11 01:29:40', '2026-04-11 01:29:40'),
(781, 264, 11, 4, 2500.00, 0.00, 10000.00, '2026-04-11 01:29:40', '2026-04-11 01:29:40'),
(782, 264, 20, 4, 20000.00, 0.00, 80000.00, '2026-04-11 01:29:40', '2026-04-11 01:29:40'),
(783, 264, 23, 1, 5500.00, 0.00, 5500.00, '2026-04-11 01:29:40', '2026-04-11 01:29:40'),
(784, 264, 30, 2, 5000.00, 0.00, 10000.00, '2026-04-11 01:29:40', '2026-04-11 01:29:40'),
(785, 265, 11, 2, 2500.00, 0.00, 5000.00, '2026-04-11 01:29:40', '2026-04-11 01:29:40'),
(786, 266, 1, 2, 3500.00, 0.00, 7000.00, '2026-04-11 01:29:40', '2026-04-11 01:29:40'),
(787, 266, 3, 4, 10000.00, 0.00, 40000.00, '2026-04-11 01:29:40', '2026-04-11 01:29:40'),
(788, 266, 9, 1, 7500.00, 0.00, 7500.00, '2026-04-11 01:29:40', '2026-04-11 01:29:40'),
(789, 266, 16, 4, 18000.00, 0.00, 72000.00, '2026-04-11 01:29:40', '2026-04-11 01:29:40'),
(790, 266, 24, 4, 12000.00, 0.00, 48000.00, '2026-04-11 01:29:40', '2026-04-11 01:29:40'),
(791, 267, 24, 1, 12000.00, 0.00, 12000.00, '2026-04-11 01:29:40', '2026-04-11 01:29:40'),
(792, 268, 7, 2, 3500.00, 0.00, 7000.00, '2026-04-11 01:29:40', '2026-04-11 01:29:40'),
(793, 268, 25, 4, 16000.00, 0.00, 64000.00, '2026-04-11 01:29:40', '2026-04-11 01:29:40'),
(794, 268, 28, 4, 7000.00, 0.00, 28000.00, '2026-04-11 01:29:40', '2026-04-11 01:29:40'),
(795, 269, 6, 3, 3200.00, 0.00, 9600.00, '2026-04-11 01:29:40', '2026-04-11 01:29:40'),
(796, 269, 7, 3, 3500.00, 0.00, 10500.00, '2026-04-11 01:29:40', '2026-04-11 01:29:40'),
(797, 269, 10, 5, 7000.00, 0.00, 35000.00, '2026-04-11 01:29:40', '2026-04-11 01:29:40'),
(798, 270, 3, 4, 10000.00, 0.00, 40000.00, '2026-04-11 01:29:41', '2026-04-11 01:29:41'),
(799, 270, 7, 5, 3500.00, 0.00, 17500.00, '2026-04-11 01:29:41', '2026-04-11 01:29:41'),
(800, 271, 20, 3, 20000.00, 0.00, 60000.00, '2026-04-11 01:29:41', '2026-04-11 01:29:41'),
(801, 271, 26, 4, 5000.00, 0.00, 20000.00, '2026-04-11 01:29:41', '2026-04-11 01:29:41'),
(802, 271, 28, 4, 7000.00, 0.00, 28000.00, '2026-04-11 01:29:41', '2026-04-11 01:29:41'),
(803, 271, 30, 3, 5000.00, 0.00, 15000.00, '2026-04-11 01:29:41', '2026-04-11 01:29:41'),
(804, 272, 9, 2, 7500.00, 0.00, 15000.00, '2026-04-11 01:29:41', '2026-04-11 01:29:41'),
(805, 272, 27, 1, 8000.00, 0.00, 8000.00, '2026-04-11 01:29:41', '2026-04-11 01:29:41'),
(806, 272, 29, 4, 12000.00, 0.00, 48000.00, '2026-04-11 01:29:41', '2026-04-11 01:29:41'),
(807, 273, 6, 3, 3200.00, 0.00, 9600.00, '2026-04-11 01:29:41', '2026-04-11 01:29:41'),
(808, 273, 12, 5, 23000.00, 0.00, 115000.00, '2026-04-11 01:29:41', '2026-04-11 01:29:41'),
(809, 273, 16, 3, 18000.00, 0.00, 54000.00, '2026-04-11 01:29:41', '2026-04-11 01:29:41'),
(810, 273, 25, 3, 16000.00, 0.00, 48000.00, '2026-04-11 01:29:41', '2026-04-11 01:29:41'),
(811, 273, 28, 4, 7000.00, 0.00, 28000.00, '2026-04-11 01:29:41', '2026-04-11 01:29:41'),
(812, 274, 5, 3, 16000.00, 0.00, 48000.00, '2026-04-11 01:29:41', '2026-04-11 01:29:41'),
(813, 274, 11, 5, 2500.00, 0.00, 12500.00, '2026-04-11 01:29:41', '2026-04-11 01:29:41'),
(814, 274, 23, 1, 5500.00, 0.00, 5500.00, '2026-04-11 01:29:41', '2026-04-11 01:29:41'),
(815, 275, 1, 2, 3500.00, 0.00, 7000.00, '2026-04-11 01:29:41', '2026-04-11 01:29:41'),
(816, 275, 5, 5, 16000.00, 0.00, 80000.00, '2026-04-11 01:29:41', '2026-04-11 01:29:41'),
(817, 275, 30, 2, 5000.00, 0.00, 10000.00, '2026-04-11 01:29:41', '2026-04-11 01:29:41'),
(818, 276, 2, 4, 3500.00, 0.00, 14000.00, '2026-04-11 01:29:41', '2026-04-11 01:29:41'),
(819, 276, 8, 1, 5000.00, 0.00, 5000.00, '2026-04-11 01:29:41', '2026-04-11 01:29:41'),
(820, 276, 11, 4, 2500.00, 0.00, 10000.00, '2026-04-11 01:29:41', '2026-04-11 01:29:41'),
(821, 276, 14, 3, 21000.00, 0.00, 63000.00, '2026-04-11 01:29:41', '2026-04-11 01:29:41'),
(822, 276, 15, 1, 6000.00, 0.00, 6000.00, '2026-04-11 01:29:41', '2026-04-11 01:29:41'),
(823, 277, 7, 1, 3500.00, 0.00, 3500.00, '2026-04-11 01:29:41', '2026-04-11 01:29:41'),
(824, 277, 8, 5, 5000.00, 0.00, 25000.00, '2026-04-11 01:29:41', '2026-04-11 01:29:41'),
(825, 277, 13, 3, 25000.00, 0.00, 75000.00, '2026-04-11 01:29:41', '2026-04-11 01:29:41'),
(826, 278, 7, 3, 3500.00, 0.00, 10500.00, '2026-04-11 01:29:41', '2026-04-11 01:29:41'),
(827, 278, 25, 4, 16000.00, 0.00, 64000.00, '2026-04-11 01:29:41', '2026-04-11 01:29:41'),
(828, 278, 28, 5, 7000.00, 0.00, 35000.00, '2026-04-11 01:29:41', '2026-04-11 01:29:41'),
(829, 278, 30, 5, 5000.00, 0.00, 25000.00, '2026-04-11 01:29:41', '2026-04-11 01:29:41'),
(830, 279, 9, 5, 7500.00, 0.00, 37500.00, '2026-04-11 01:29:41', '2026-04-11 01:29:41'),
(831, 279, 26, 1, 5000.00, 0.00, 5000.00, '2026-04-11 01:29:41', '2026-04-11 01:29:41'),
(832, 279, 30, 2, 5000.00, 0.00, 10000.00, '2026-04-11 01:29:41', '2026-04-11 01:29:41'),
(833, 280, 1, 4, 3500.00, 0.00, 14000.00, '2026-04-11 01:29:41', '2026-04-11 01:29:41'),
(834, 280, 2, 4, 3500.00, 0.00, 14000.00, '2026-04-11 01:29:41', '2026-04-11 01:29:41'),
(835, 280, 3, 1, 10000.00, 0.00, 10000.00, '2026-04-11 01:29:41', '2026-04-11 01:29:41'),
(836, 280, 6, 3, 3200.00, 0.00, 9600.00, '2026-04-11 01:29:41', '2026-04-11 01:29:41'),
(837, 280, 11, 2, 2500.00, 0.00, 5000.00, '2026-04-11 01:29:41', '2026-04-11 01:29:41'),
(838, 281, 15, 1, 6000.00, 0.00, 6000.00, '2026-04-11 01:29:41', '2026-04-11 01:29:41'),
(839, 281, 19, 3, 3500.00, 0.00, 10500.00, '2026-04-11 01:29:41', '2026-04-11 01:29:41'),
(840, 281, 25, 4, 16000.00, 0.00, 64000.00, '2026-04-11 01:29:41', '2026-04-11 01:29:41'),
(841, 281, 29, 3, 12000.00, 0.00, 36000.00, '2026-04-11 01:29:41', '2026-04-11 01:29:41'),
(842, 282, 3, 1, 10000.00, 0.00, 10000.00, '2026-04-11 01:29:41', '2026-04-11 01:29:41'),
(843, 282, 10, 2, 7000.00, 0.00, 14000.00, '2026-04-11 01:29:41', '2026-04-11 01:29:41'),
(844, 283, 3, 5, 10000.00, 0.00, 50000.00, '2026-04-11 01:29:41', '2026-04-11 01:29:41'),
(845, 283, 7, 2, 3500.00, 0.00, 7000.00, '2026-04-11 01:29:41', '2026-04-11 01:29:41'),
(846, 283, 20, 4, 20000.00, 0.00, 80000.00, '2026-04-11 01:29:41', '2026-04-11 01:29:41'),
(847, 284, 4, 4, 6500.00, 0.00, 26000.00, '2026-04-11 01:29:41', '2026-04-11 01:29:41'),
(848, 284, 11, 4, 2500.00, 0.00, 10000.00, '2026-04-11 01:29:41', '2026-04-11 01:29:41'),
(849, 284, 29, 3, 12000.00, 0.00, 36000.00, '2026-04-11 01:29:41', '2026-04-11 01:29:41'),
(850, 285, 15, 2, 6000.00, 0.00, 12000.00, '2026-04-11 01:29:41', '2026-04-11 01:29:41'),
(851, 285, 23, 4, 5500.00, 0.00, 22000.00, '2026-04-11 01:29:41', '2026-04-11 01:29:41'),
(852, 285, 26, 1, 5000.00, 0.00, 5000.00, '2026-04-11 01:29:42', '2026-04-11 01:29:42'),
(853, 286, 6, 5, 3200.00, 0.00, 16000.00, '2026-04-11 01:29:42', '2026-04-11 01:29:42'),
(854, 287, 10, 4, 7000.00, 0.00, 28000.00, '2026-04-11 01:29:42', '2026-04-11 01:29:42'),
(855, 287, 11, 1, 2500.00, 0.00, 2500.00, '2026-04-11 01:29:42', '2026-04-11 01:29:42'),
(856, 287, 20, 3, 20000.00, 0.00, 60000.00, '2026-04-11 01:29:42', '2026-04-11 01:29:42'),
(857, 288, 1, 2, 3500.00, 0.00, 7000.00, '2026-04-11 01:29:42', '2026-04-11 01:29:42'),
(858, 288, 14, 4, 21000.00, 0.00, 84000.00, '2026-04-11 01:29:42', '2026-04-11 01:29:42'),
(859, 289, 17, 1, 22000.00, 0.00, 22000.00, '2026-04-11 01:29:42', '2026-04-11 01:29:42'),
(860, 289, 18, 4, 11000.00, 0.00, 44000.00, '2026-04-11 01:29:42', '2026-04-11 01:29:42'),
(861, 289, 19, 3, 3500.00, 0.00, 10500.00, '2026-04-11 01:29:42', '2026-04-11 01:29:42'),
(862, 289, 25, 1, 16000.00, 0.00, 16000.00, '2026-04-11 01:29:42', '2026-04-11 01:29:42'),
(863, 290, 18, 1, 11000.00, 0.00, 11000.00, '2026-04-11 01:29:42', '2026-04-11 01:29:42'),
(864, 290, 21, 5, 13000.00, 0.00, 65000.00, '2026-04-11 01:29:42', '2026-04-11 01:29:42'),
(865, 290, 24, 1, 12000.00, 0.00, 12000.00, '2026-04-11 01:29:42', '2026-04-11 01:29:42'),
(866, 291, 2, 4, 3500.00, 0.00, 14000.00, '2026-04-11 01:29:42', '2026-04-11 01:29:42'),
(867, 291, 5, 5, 16000.00, 0.00, 80000.00, '2026-04-11 01:29:42', '2026-04-11 01:29:42'),
(868, 291, 21, 4, 13000.00, 0.00, 52000.00, '2026-04-11 01:29:42', '2026-04-11 01:29:42'),
(869, 291, 24, 5, 12000.00, 0.00, 60000.00, '2026-04-11 01:29:42', '2026-04-11 01:29:42'),
(870, 292, 18, 2, 11000.00, 0.00, 22000.00, '2026-04-11 01:29:42', '2026-04-11 01:29:42'),
(871, 292, 30, 2, 5000.00, 0.00, 10000.00, '2026-04-11 01:29:42', '2026-04-11 01:29:42'),
(872, 293, 4, 3, 6500.00, 0.00, 19500.00, '2026-04-11 01:29:42', '2026-04-11 01:29:42'),
(873, 293, 6, 3, 3200.00, 0.00, 9600.00, '2026-04-11 01:29:42', '2026-04-11 01:29:42'),
(874, 293, 24, 2, 12000.00, 0.00, 24000.00, '2026-04-11 01:29:42', '2026-04-11 01:29:42'),
(875, 293, 27, 2, 8000.00, 0.00, 16000.00, '2026-04-11 01:29:42', '2026-04-11 01:29:42'),
(876, 294, 2, 3, 3500.00, 0.00, 10500.00, '2026-04-11 01:29:42', '2026-04-11 01:29:42'),
(877, 294, 24, 3, 12000.00, 0.00, 36000.00, '2026-04-11 01:29:42', '2026-04-11 01:29:42'),
(878, 294, 25, 4, 16000.00, 0.00, 64000.00, '2026-04-11 01:29:42', '2026-04-11 01:29:42'),
(879, 294, 29, 4, 12000.00, 0.00, 48000.00, '2026-04-11 01:29:42', '2026-04-11 01:29:42'),
(880, 295, 10, 4, 7000.00, 0.00, 28000.00, '2026-04-11 01:29:42', '2026-04-11 01:29:42'),
(881, 295, 21, 4, 13000.00, 0.00, 52000.00, '2026-04-11 01:29:42', '2026-04-11 01:29:42'),
(882, 295, 23, 1, 5500.00, 0.00, 5500.00, '2026-04-11 01:29:42', '2026-04-11 01:29:42'),
(883, 295, 26, 4, 5000.00, 0.00, 20000.00, '2026-04-11 01:29:42', '2026-04-11 01:29:42'),
(884, 296, 8, 4, 5000.00, 0.00, 20000.00, '2026-04-11 01:29:42', '2026-04-11 01:29:42'),
(885, 296, 25, 2, 16000.00, 0.00, 32000.00, '2026-04-11 01:29:42', '2026-04-11 01:29:42'),
(886, 296, 26, 2, 5000.00, 0.00, 10000.00, '2026-04-11 01:29:42', '2026-04-11 01:29:42'),
(887, 297, 7, 2, 3500.00, 0.00, 7000.00, '2026-04-11 01:29:42', '2026-04-11 01:29:42'),
(888, 298, 3, 5, 10000.00, 0.00, 50000.00, '2026-04-11 01:29:42', '2026-04-11 01:29:42'),
(889, 298, 14, 3, 21000.00, 0.00, 63000.00, '2026-04-11 01:29:42', '2026-04-11 01:29:42'),
(890, 299, 3, 2, 10000.00, 0.00, 20000.00, '2026-04-11 01:29:42', '2026-04-11 01:29:42'),
(891, 299, 8, 3, 5000.00, 0.00, 15000.00, '2026-04-11 01:29:42', '2026-04-11 01:29:42'),
(892, 299, 15, 4, 6000.00, 0.00, 24000.00, '2026-04-11 01:29:42', '2026-04-11 01:29:42'),
(893, 299, 18, 1, 11000.00, 0.00, 11000.00, '2026-04-11 01:29:42', '2026-04-11 01:29:42'),
(894, 300, 15, 5, 6000.00, 0.00, 30000.00, '2026-04-11 01:29:42', '2026-04-11 01:29:42'),
(895, 300, 17, 3, 22000.00, 0.00, 66000.00, '2026-04-11 01:29:42', '2026-04-11 01:29:42'),
(896, 300, 18, 4, 11000.00, 0.00, 44000.00, '2026-04-11 01:29:42', '2026-04-11 01:29:42'),
(897, 300, 19, 2, 3500.00, 0.00, 7000.00, '2026-04-11 01:29:42', '2026-04-11 01:29:42'),
(898, 300, 29, 3, 12000.00, 0.00, 36000.00, '2026-04-11 01:29:42', '2026-04-11 01:29:42'),
(899, 301, 1, 1, 3500.00, 0.00, 3500.00, '2026-04-11 01:29:42', '2026-04-11 01:29:42'),
(900, 301, 7, 1, 5500.00, 0.00, 5500.00, '2026-04-11 01:29:42', '2026-04-11 01:29:42'),
(901, 302, 27, 2, 8000.00, 0.00, 16000.00, '2026-04-14 01:02:11', '2026-04-14 01:02:11'),
(902, 302, 3, 2, 10000.00, 0.00, 20000.00, '2026-04-14 01:02:11', '2026-04-14 01:02:11'),
(903, 303, 3, 1, 10000.00, 0.00, 10000.00, '2026-04-14 02:40:58', '2026-04-14 02:40:58'),
(904, 303, 30, 1, 5000.00, 0.00, 5000.00, '2026-04-14 02:40:58', '2026-04-14 02:40:58');

-- --------------------------------------------------------

--
-- Table structure for table `failed_jobs`
--

CREATE TABLE `failed_jobs` (
  `id` bigint(20) UNSIGNED NOT NULL,
  `uuid` varchar(191) NOT NULL,
  `connection` text NOT NULL,
  `queue` text NOT NULL,
  `payload` longtext NOT NULL,
  `exception` longtext NOT NULL,
  `failed_at` timestamp NOT NULL DEFAULT current_timestamp()
) ENGINE=InnoDB DEFAULT CHARSET=utf8mb4 COLLATE=utf8mb4_unicode_ci;

-- --------------------------------------------------------

--
-- Table structure for table `jobs`
--

CREATE TABLE `jobs` (
  `id` bigint(20) UNSIGNED NOT NULL,
  `queue` varchar(191) NOT NULL,
  `payload` longtext NOT NULL,
  `attempts` tinyint(3) UNSIGNED NOT NULL,
  `reserved_at` int(10) UNSIGNED DEFAULT NULL,
  `available_at` int(10) UNSIGNED NOT NULL,
  `created_at` int(10) UNSIGNED NOT NULL
) ENGINE=InnoDB DEFAULT CHARSET=utf8mb4 COLLATE=utf8mb4_unicode_ci;

-- --------------------------------------------------------

--
-- Table structure for table `job_batches`
--

CREATE TABLE `job_batches` (
  `id` varchar(191) NOT NULL,
  `name` varchar(191) NOT NULL,
  `total_jobs` int(11) NOT NULL,
  `pending_jobs` int(11) NOT NULL,
  `failed_jobs` int(11) NOT NULL,
  `failed_job_ids` longtext NOT NULL,
  `options` mediumtext DEFAULT NULL,
  `cancelled_at` int(11) DEFAULT NULL,
  `created_at` int(11) NOT NULL,
  `finished_at` int(11) DEFAULT NULL
) ENGINE=InnoDB DEFAULT CHARSET=utf8mb4 COLLATE=utf8mb4_unicode_ci;

-- --------------------------------------------------------

--
-- Table structure for table `kategoris`
--

CREATE TABLE `kategoris` (
  `kategori_id` bigint(20) UNSIGNED NOT NULL,
  `nama_kategori` varchar(50) NOT NULL,
  `deskripsi` text DEFAULT NULL,
  `created_at` timestamp NULL DEFAULT NULL,
  `updated_at` timestamp NULL DEFAULT NULL
) ENGINE=InnoDB DEFAULT CHARSET=utf8mb4 COLLATE=utf8mb4_unicode_ci;

--
-- Dumping data for table `kategoris`
--

INSERT INTO `kategoris` (`kategori_id`, `nama_kategori`, `deskripsi`, `created_at`, `updated_at`) VALUES
(1, 'Makanan & Snack', 'Berbagai makanan ringan dan snack', '2026-04-11 01:29:11', '2026-04-11 01:29:11'),
(2, 'Minuman', 'Air mineral, minuman kemasan, dll', '2026-04-11 01:29:11', '2026-04-11 01:29:11'),
(3, 'Rokok', 'Rokok berbagai merek', '2026-04-11 01:29:11', '2026-04-11 01:29:11'),
(4, 'Kebersihan & Sabun', 'Produk kebersihan diri dan rumah', '2026-04-11 01:29:11', '2026-04-11 01:29:11'),
(5, 'Bumbu Dapur', 'Bumbu masak dan rempah', '2026-04-11 01:29:11', '2026-04-11 01:29:11'),
(6, 'Susu & Dairy', 'Susu, keju, dan produk dairy', '2026-04-11 01:29:11', '2026-04-11 01:29:11'),
(7, 'Obat & Suplemen', 'Obat bebas dan suplemen kesehatan', '2026-04-11 01:29:11', '2026-04-11 01:29:11'),
(8, 'Alat Tulis', 'Perlengkapan alat tulis', '2026-04-11 01:29:11', '2026-04-11 01:29:11');

-- --------------------------------------------------------

--
-- Table structure for table `migrations`
--

CREATE TABLE `migrations` (
  `id` int(10) UNSIGNED NOT NULL,
  `migration` varchar(191) NOT NULL,
  `batch` int(11) NOT NULL
) ENGINE=InnoDB DEFAULT CHARSET=utf8mb4 COLLATE=utf8mb4_unicode_ci;

--
-- Dumping data for table `migrations`
--

INSERT INTO `migrations` (`id`, `migration`, `batch`) VALUES
(1, '2024_01_01_000001_create_users_table', 1),
(2, '2024_01_01_000002_create_produks_table', 1),
(3, '2024_01_01_000003_create_stoks_table', 1),
(4, '2024_01_01_000004_create_transaksis_table', 1),
(5, '2024_01_01_000005_create_pemasoks_table', 1),
(6, '2024_01_01_000006_create_support_tables', 1);

-- --------------------------------------------------------

--
-- Table structure for table `password_reset_tokens`
--

CREATE TABLE `password_reset_tokens` (
  `email` varchar(191) NOT NULL,
  `token` varchar(191) NOT NULL,
  `created_at` timestamp NULL DEFAULT NULL
) ENGINE=InnoDB DEFAULT CHARSET=utf8mb4 COLLATE=utf8mb4_unicode_ci;

-- --------------------------------------------------------

--
-- Table structure for table `pemasoks`
--

CREATE TABLE `pemasoks` (
  `pemasok_id` bigint(20) UNSIGNED NOT NULL,
  `nama_pemasok` varchar(100) NOT NULL,
  `kontak_person` varchar(100) DEFAULT NULL,
  `nomor_telepon` varchar(20) DEFAULT NULL,
  `email` varchar(100) DEFAULT NULL,
  `alamat` varchar(255) DEFAULT NULL,
  `kota` varchar(100) DEFAULT NULL,
  `is_active` tinyint(1) NOT NULL DEFAULT 1,
  `catatan` text DEFAULT NULL,
  `created_at` timestamp NULL DEFAULT NULL,
  `updated_at` timestamp NULL DEFAULT NULL
) ENGINE=InnoDB DEFAULT CHARSET=utf8mb4 COLLATE=utf8mb4_unicode_ci;

--
-- Dumping data for table `pemasoks`
--

INSERT INTO `pemasoks` (`pemasok_id`, `nama_pemasok`, `kontak_person`, `nomor_telepon`, `email`, `alamat`, `kota`, `is_active`, `catatan`, `created_at`, `updated_at`) VALUES
(1, 'CV. Maju Bersama', 'Pak Hendra', '0812-3456-7890', 'majubersama@email.com', 'Jl. Industri No. 15', 'Tasikmalaya', 1, NULL, '2026-04-11 01:29:11', '2026-04-11 01:29:11'),
(2, 'PT. Sumber Rejeki', 'Ibu Dewi', '0822-9876-5432', 'sumberrejeki@email.com', 'Jl. Raya Bandung KM 5', 'Bandung', 1, NULL, '2026-04-11 01:29:11', '2026-04-11 01:29:11'),
(3, 'UD. Anugerah Jaya', 'Pak Sugiono', '0856-1122-3344', 'anugerahjaya@email.com', 'Jl. Pasar Baru No. 7', 'Garut', 1, NULL, '2026-04-11 01:29:11', '2026-04-11 01:29:11'),
(4, 'CV. Karya Mandiri', 'Budi Santoso', '0878-5544-3322', NULL, 'Jl. Diponegoro No. 22', 'Tasikmalaya', 1, NULL, '2026-04-11 01:29:11', '2026-04-11 01:29:11');

-- --------------------------------------------------------

--
-- Table structure for table `pembelian_pemasoks`
--

CREATE TABLE `pembelian_pemasoks` (
  `pembelian_id` bigint(20) UNSIGNED NOT NULL,
  `pemasok_id` bigint(20) UNSIGNED NOT NULL,
  `user_id` bigint(20) UNSIGNED NOT NULL,
  `nomor_pembelian` varchar(50) NOT NULL COMMENT 'Format: PO-YYYYMMDD-XXXXX',
  `tanggal_pembelian` timestamp NOT NULL DEFAULT current_timestamp(),
  `total_harga` decimal(12,2) NOT NULL DEFAULT 0.00,
  `status` enum('selesai','pending','batal') NOT NULL DEFAULT 'pending',
  `catatan` text DEFAULT NULL,
  `created_at` timestamp NULL DEFAULT NULL,
  `updated_at` timestamp NULL DEFAULT NULL
) ENGINE=InnoDB DEFAULT CHARSET=utf8mb4 COLLATE=utf8mb4_unicode_ci;

-- --------------------------------------------------------

--
-- Table structure for table `personal_access_tokens`
--

CREATE TABLE `personal_access_tokens` (
  `id` bigint(20) UNSIGNED NOT NULL,
  `tokenable_type` varchar(191) NOT NULL,
  `tokenable_id` bigint(20) UNSIGNED NOT NULL,
  `name` varchar(191) NOT NULL,
  `token` varchar(64) NOT NULL,
  `abilities` text DEFAULT NULL,
  `last_used_at` timestamp NULL DEFAULT NULL,
  `expires_at` timestamp NULL DEFAULT NULL,
  `created_at` timestamp NULL DEFAULT NULL,
  `updated_at` timestamp NULL DEFAULT NULL
) ENGINE=InnoDB DEFAULT CHARSET=utf8mb4 COLLATE=utf8mb4_unicode_ci;

--
-- Dumping data for table `personal_access_tokens`
--

INSERT INTO `personal_access_tokens` (`id`, `tokenable_type`, `tokenable_id`, `name`, `token`, `abilities`, `last_used_at`, `expires_at`, `created_at`, `updated_at`) VALUES
(7, 'App\\Models\\User', 1, 'pos_pemilik_1', '90e2dbdf76e02d3b870542d7c789d785ecdb34172876468ac319911d04cece6e', '[\"*\"]', '2026-04-17 09:00:06', NULL, '2026-04-17 08:58:14', '2026-04-17 09:00:06');

-- --------------------------------------------------------

--
-- Table structure for table `produks`
--

CREATE TABLE `produks` (
  `produk_id` bigint(20) UNSIGNED NOT NULL,
  `kode_produk` varchar(20) NOT NULL,
  `nama_produk` varchar(100) NOT NULL,
  `kategori_id` bigint(20) UNSIGNED DEFAULT NULL,
  `harga_beli` decimal(12,2) NOT NULL DEFAULT 0.00,
  `harga_jual` decimal(12,2) NOT NULL,
  `diskon_persen` decimal(5,2) NOT NULL DEFAULT 0.00 COMMENT 'Diskon dalam persen (0-100)',
  `barcode` varchar(50) DEFAULT NULL,
  `satuan` varchar(20) NOT NULL DEFAULT 'pcs' COMMENT 'pcs, kg, liter, dll',
  `deskripsi` text DEFAULT NULL,
  `is_active` tinyint(1) NOT NULL DEFAULT 1,
  `created_at` timestamp NULL DEFAULT NULL,
  `updated_at` timestamp NULL DEFAULT NULL
) ENGINE=InnoDB DEFAULT CHARSET=utf8mb4 COLLATE=utf8mb4_unicode_ci;

--
-- Dumping data for table `produks`
--

INSERT INTO `produks` (`produk_id`, `kode_produk`, `nama_produk`, `kategori_id`, `harga_beli`, `harga_jual`, `diskon_persen`, `barcode`, `satuan`, `deskripsi`, `is_active`, `created_at`, `updated_at`) VALUES
(1, 'MKN-001', 'Indomie Goreng', 1, 2800.00, 3500.00, 0.00, '8996001234001', 'pcs', NULL, 1, '2026-04-11 01:29:11', '2026-04-11 01:29:11'),
(2, 'MKN-002', 'Indomie Soto', 1, 2800.00, 3500.00, 0.00, '8996001234002', 'pcs', NULL, 1, '2026-04-11 01:29:11', '2026-04-11 01:29:11'),
(3, 'MKN-003', 'Chitato Sapi Panggang', 1, 8000.00, 10000.00, 0.00, '8996001234003', 'pcs', NULL, 1, '2026-04-11 01:29:11', '2026-04-11 01:29:11'),
(4, 'MKN-004', 'Oreo Coklat', 1, 5000.00, 6500.00, 0.00, '8996001234004', 'pcs', NULL, 1, '2026-04-11 01:29:11', '2026-04-11 01:29:11'),
(5, 'MKN-005', 'Roti Tawar Sari Roti', 1, 13000.00, 16000.00, 0.00, '8996001234005', 'pcs', NULL, 1, '2026-04-11 01:29:11', '2026-04-11 01:29:11'),
(6, 'MKN-006', 'Mie Sedaap Ayam Bawang', 1, 2600.00, 3200.00, 0.00, '8996001234006', 'pcs', NULL, 1, '2026-04-11 01:29:11', '2026-04-11 01:29:11'),
(7, 'MNM-001', 'Aqua 600ml', 2, 2500.00, 3500.00, 0.00, '8996001235001', 'pcs', NULL, 1, '2026-04-11 01:29:11', '2026-04-11 01:29:11'),
(8, 'MNM-002', 'Teh Botol Sosro 350ml', 2, 3500.00, 5000.00, 0.00, '8996001235002', 'pcs', NULL, 1, '2026-04-11 01:29:11', '2026-04-11 01:29:11'),
(9, 'MNM-003', 'Pocari Sweat 330ml', 2, 5500.00, 7500.00, 0.00, '8996001235003', 'pcs', NULL, 1, '2026-04-11 01:29:11', '2026-04-11 01:29:11'),
(10, 'MNM-004', 'Coca Cola 390ml', 2, 5000.00, 7000.00, 0.00, '8996001235004', 'pcs', NULL, 1, '2026-04-11 01:29:11', '2026-04-11 01:29:11'),
(11, 'MNM-005', 'Good Day Mocacinno', 2, 2000.00, 2500.00, 0.00, '8996001235005', 'pcs', NULL, 1, '2026-04-11 01:29:11', '2026-04-11 01:29:11'),
(12, 'RKK-001', 'Gudang Garam Surya 16', 3, 20000.00, 23000.00, 0.00, '8996001236001', 'pcs', NULL, 1, '2026-04-11 01:29:11', '2026-04-11 01:29:11'),
(13, 'RKK-002', 'Sampoerna A Mild 16', 3, 22000.00, 25000.00, 0.00, '8996001236002', 'pcs', NULL, 1, '2026-04-11 01:29:11', '2026-04-11 01:29:11'),
(14, 'RKK-003', 'Djarum Super 12', 3, 18000.00, 21000.00, 0.00, '8996001236003', 'pcs', NULL, 1, '2026-04-11 01:29:11', '2026-04-11 01:29:11'),
(15, 'KBR-001', 'Sabun Lifebuoy 75gr', 4, 4500.00, 6000.00, 0.00, '8996001237001', 'pcs', NULL, 1, '2026-04-11 01:29:11', '2026-04-11 01:29:11'),
(16, 'KBR-002', 'Shampoo Sunsilk 170ml', 4, 14000.00, 18000.00, 0.00, '8996001237002', 'pcs', NULL, 1, '2026-04-11 01:29:11', '2026-04-11 01:29:11'),
(17, 'KBR-003', 'Rinso 800gr', 4, 18000.00, 22000.00, 0.00, '8996001237003', 'pcs', NULL, 1, '2026-04-11 01:29:11', '2026-04-11 01:29:11'),
(18, 'KBR-004', 'Pasta Gigi Pepsodent', 4, 8500.00, 11000.00, 0.00, '8996001237004', 'pcs', NULL, 1, '2026-04-11 01:29:11', '2026-04-11 01:29:11'),
(19, 'BMB-001', 'Garam Refina 250gr', 5, 2500.00, 3500.00, 0.00, '8996001238001', 'pcs', NULL, 1, '2026-04-11 01:29:11', '2026-04-11 01:29:11'),
(20, 'BMB-002', 'Minyak Goreng Bimoli 1L', 5, 17000.00, 20000.00, 0.00, '8996001238002', 'pcs', NULL, 1, '2026-04-11 01:29:11', '2026-04-11 01:29:11'),
(21, 'BMB-003', 'Kecap Manis ABC 275ml', 5, 10000.00, 13000.00, 0.00, '8996001238003', 'pcs', NULL, 1, '2026-04-11 01:29:11', '2026-04-11 01:29:11'),
(22, 'BMB-004', 'Saos Sambal Indofood', 5, 8000.00, 10500.00, 0.00, '8996001238004', 'pcs', NULL, 1, '2026-04-11 01:29:11', '2026-04-11 01:29:11'),
(23, 'SUS-001', 'Susu Ultra Milk 200ml', 6, 4000.00, 5500.00, 0.00, '8996001239001', 'pcs', NULL, 1, '2026-04-11 01:29:11', '2026-04-11 01:29:11'),
(24, 'SUS-002', 'Indomilk Kaleng 185ml', 6, 9000.00, 12000.00, 0.00, '8996001239002', 'pcs', NULL, 1, '2026-04-11 01:29:11', '2026-04-11 01:29:11'),
(25, 'SUS-003', 'Yakult 5pcs', 6, 12000.00, 16000.00, 0.00, '8996001239003', 'pcs', NULL, 1, '2026-04-11 01:29:11', '2026-04-11 01:29:11'),
(26, 'OBT-001', 'Paracetamol 500mg 10s', 7, 3500.00, 5000.00, 0.00, '8996001240001', 'pcs', NULL, 1, '2026-04-11 01:29:11', '2026-04-11 01:29:11'),
(27, 'OBT-002', 'Antangin JRG 12 Kapsul', 7, 6000.00, 8000.00, 0.00, '8996001240002', 'pcs', NULL, 1, '2026-04-11 01:29:11', '2026-04-11 01:29:11'),
(28, 'OBT-003', 'Tolak Angin Cair 15ml', 7, 5000.00, 7000.00, 0.00, '8996001240003', 'pcs', NULL, 1, '2026-04-11 01:29:11', '2026-04-11 01:29:11'),
(29, 'ATK-001', 'Pulpen Pilot G-2', 8, 8000.00, 12000.00, 0.00, '8996001241001', 'pcs', NULL, 1, '2026-04-11 01:29:11', '2026-04-11 01:29:11'),
(30, 'ATK-002', 'Buku Tulis Sidu 38lbr', 8, 3500.00, 5000.00, 0.00, '8996001241002', 'pcs', NULL, 1, '2026-04-11 01:29:11', '2026-04-11 01:29:11'),
(31, '7788', 'hhh', 8, 6666.00, 7777.00, 0.00, '888', 'pcs', NULL, 1, '2026-04-14 01:41:26', '2026-04-14 01:41:26');

-- --------------------------------------------------------

--
-- Table structure for table `sessions`
--

CREATE TABLE `sessions` (
  `id` varchar(191) NOT NULL,
  `user_id` bigint(20) UNSIGNED DEFAULT NULL,
  `ip_address` varchar(45) DEFAULT NULL,
  `user_agent` text DEFAULT NULL,
  `payload` longtext NOT NULL,
  `last_activity` int(11) NOT NULL
) ENGINE=InnoDB DEFAULT CHARSET=utf8mb4 COLLATE=utf8mb4_unicode_ci;

--
-- Dumping data for table `sessions`
--

INSERT INTO `sessions` (`id`, `user_id`, `ip_address`, `user_agent`, `payload`, `last_activity`) VALUES
('HlF7WneWKoTExg2w6MbEfHOGzUNC8GFw2MvKOxju', 1, '127.0.0.1', 'Mozilla/5.0 (Windows NT 10.0; Win64; x64) AppleWebKit/537.36 (KHTML, like Gecko) Chrome/147.0.0.0 Safari/537.36', 'YTo1OntzOjY6Il9mbGFzaCI7YToyOntzOjM6Im9sZCI7YTowOnt9czozOiJuZXciO2E6MDp7fX1zOjY6Il90b2tlbiI7czo0MDoidHJtd2kzdTlOSDR1QnpyVVNNMlExYjY2UWpKUm9OMUpiTVBPZGFzciI7czo5OiJfcHJldmlvdXMiO2E6MTp7czozOiJ1cmwiO3M6Nzg6Imh0dHA6Ly8xMjcuMC4wLjE6ODAwMC9hcGkvcHJvZHVrP2FrdGlmX3NhamE9MSZwZXJfcGFnZT04MCZzZWFyY2g9T3JlbyUyMENva2xhdCI7fXM6OToicG9zX3Rva2VuIjtzOjUwOiI3fDZUbTFuQ2NaYnNSYlZ1NUx4U2pxcFEyYzNwSHVYbGE0MFY2UklMdVcxZDEwZWE0YyI7czo0OiJ1c2VyIjthOjY6e3M6NzoidXNlcl9pZCI7aToxO3M6ODoidXNlcm5hbWUiO3M6NzoicGVtaWxpayI7czoxMjoibmFtYV9sZW5na2FwIjtzOjE5OiJCYXBhayBXYXJpcyBTYW50b3NvIjtzOjU6ImVtYWlsIjtzOjIzOiJwZW1pbGlrQHRva293YXJpcy5sb2NhbCI7czo0OiJyb2xlIjtzOjc6InBlbWlsaWsiO3M6MTA6Imxhc3RfbG9naW4iO3M6Mjc6IjIwMjYtMDQtMTdUMDg6NTg6MTQuMDAwMDAwWiI7fX0=', 1776416406),
('QkOK4Xk12t4ljVvNbZwSGMFWmfniCtAuEADXG3cx', NULL, '127.0.0.1', 'Mozilla/5.0 (Windows NT 10.0; Win64; x64) AppleWebKit/537.36 (KHTML, like Gecko) Chrome/147.0.0.0 Safari/537.36', 'YTo0OntzOjY6Il90b2tlbiI7czo0MDoib2d4VmU0bkVjenZ0OXQ1RUJWbUpqSTFlR3k1YWl0ZU04NGNGT0N2TiI7czo1OiJlcnJvciI7czozMDoiU2lsYWthbiBsb2dpbiB0ZXJsZWJpaCBkYWh1bHUuIjtzOjY6Il9mbGFzaCI7YToyOntzOjM6Im5ldyI7YTowOnt9czozOiJvbGQiO2E6MTp7aTowO3M6NToiZXJyb3IiO319czo5OiJfcHJldmlvdXMiO2E6MTp7czozOiJ1cmwiO3M6Mjc6Imh0dHA6Ly8xMjcuMC4wLjE6ODAwMC9rYXNpciI7fX0=', 1776385424);

-- --------------------------------------------------------

--
-- Table structure for table `stoks`
--

CREATE TABLE `stoks` (
  `stok_id` bigint(20) UNSIGNED NOT NULL,
  `produk_id` bigint(20) UNSIGNED NOT NULL,
  `jumlah_stok` int(11) NOT NULL DEFAULT 0,
  `stok_minimal` int(11) NOT NULL DEFAULT 5 COMMENT 'Batas minimum stok sebelum notifikasi',
  `tanggal_kedaluwarsa` date DEFAULT NULL,
  `lokasi_rak` varchar(50) DEFAULT NULL,
  `created_at` timestamp NULL DEFAULT NULL,
  `updated_at` timestamp NULL DEFAULT NULL
) ENGINE=InnoDB DEFAULT CHARSET=utf8mb4 COLLATE=utf8mb4_unicode_ci;

--
-- Dumping data for table `stoks`
--

INSERT INTO `stoks` (`stok_id`, `produk_id`, `jumlah_stok`, `stok_minimal`, `tanggal_kedaluwarsa`, `lokasi_rak`, `created_at`, `updated_at`) VALUES
(1, 1, 150, 20, '2026-12-11', 'Rak-MAK', '2026-04-11 01:29:11', '2026-04-11 01:29:11'),
(2, 2, 100, 20, '2026-12-11', 'Rak-MAK', '2026-04-11 01:29:11', '2026-04-11 01:29:11'),
(3, 3, 57, 10, '2026-08-11', 'Rak-MAK', '2026-04-11 01:29:11', '2026-04-14 02:41:01'),
(4, 4, 80, 15, '2026-10-11', 'Rak-MAK', '2026-04-11 01:29:11', '2026-04-11 01:29:11'),
(5, 5, 25, 5, '2026-04-18', 'Rak-MAK', '2026-04-11 01:29:11', '2026-04-11 01:29:11'),
(6, 6, 120, 20, '2027-01-11', 'Rak-MAK', '2026-04-11 01:29:11', '2026-04-11 01:29:11'),
(7, 7, 200, 48, '2027-04-11', 'Rak-MIN', '2026-04-11 01:29:11', '2026-04-11 01:29:11'),
(8, 8, 72, 24, '2026-09-11', 'Rak-MIN', '2026-04-11 01:29:11', '2026-04-11 01:29:11'),
(9, 9, 48, 12, '2026-11-11', 'Rak-MIN', '2026-04-11 01:29:11', '2026-04-11 01:29:11'),
(10, 10, 36, 12, '2026-10-11', 'Rak-MIN', '2026-04-11 01:29:11', '2026-04-11 01:29:11'),
(11, 11, 100, 20, '2027-02-11', 'Rak-MIN', '2026-04-11 01:29:11', '2026-04-11 01:29:11'),
(12, 12, 80, 10, NULL, 'Rak-ROK', '2026-04-11 01:29:11', '2026-04-11 01:29:11'),
(13, 13, 60, 10, NULL, 'Rak-ROK', '2026-04-11 01:29:11', '2026-04-11 01:29:11'),
(14, 14, 50, 10, NULL, 'Rak-ROK', '2026-04-11 01:29:11', '2026-04-11 01:29:11'),
(15, 15, 40, 10, '2028-04-11', 'Rak-KEB', '2026-04-11 01:29:11', '2026-04-11 01:29:11'),
(16, 16, 30, 5, '2028-04-11', 'Rak-KEB', '2026-04-11 01:29:11', '2026-04-11 01:29:11'),
(17, 17, 25, 5, '2029-04-11', 'Rak-KEB', '2026-04-11 01:29:11', '2026-04-11 01:29:11'),
(18, 18, 35, 5, '2028-04-11', 'Rak-KEB', '2026-04-11 01:29:11', '2026-04-11 01:29:11'),
(19, 19, 50, 10, NULL, 'Rak-BUM', '2026-04-11 01:29:11', '2026-04-11 01:29:11'),
(20, 20, 30, 5, '2027-10-11', 'Rak-BUM', '2026-04-11 01:29:11', '2026-04-11 01:29:11'),
(21, 21, 20, 5, '2027-04-11', 'Rak-BUM', '2026-04-11 01:29:11', '2026-04-11 01:29:11'),
(22, 22, 25, 5, '2027-02-11', 'Rak-BUM', '2026-04-11 01:29:11', '2026-04-11 01:29:11'),
(23, 23, 60, 24, '2026-07-11', 'Rak-SUS', '2026-04-11 01:29:11', '2026-04-11 01:29:11'),
(24, 24, 40, 10, '2027-04-11', 'Rak-SUS', '2026-04-11 01:29:11', '2026-04-11 01:29:11'),
(25, 25, 3, 5, '2026-04-25', 'Rak-SUS', '2026-04-11 01:29:11', '2026-04-11 01:29:11'),
(26, 26, 30, 5, '2028-04-11', 'Rak-OBA', '2026-04-11 01:29:11', '2026-04-11 01:29:11'),
(27, 27, 18, 5, '2027-10-11', 'Rak-OBA', '2026-04-11 01:29:11', '2026-04-14 01:02:12'),
(28, 28, 4, 5, '2026-05-01', 'Rak-OBA', '2026-04-11 01:29:11', '2026-04-11 01:29:11'),
(29, 29, 20, 5, NULL, 'Rak-ALA', '2026-04-11 01:29:11', '2026-04-11 01:29:11'),
(30, 30, 49, 10, NULL, 'Rak-ALA', '2026-04-11 01:29:11', '2026-04-14 02:41:01'),
(31, 31, 67, 5, '2026-04-14', NULL, '2026-04-14 01:41:26', '2026-04-14 01:41:26');

-- --------------------------------------------------------

--
-- Table structure for table `stok_movements`
--

CREATE TABLE `stok_movements` (
  `movement_id` bigint(20) UNSIGNED NOT NULL,
  `produk_id` bigint(20) UNSIGNED NOT NULL,
  `user_id` bigint(20) UNSIGNED DEFAULT NULL,
  `tipe` enum('masuk','keluar','penyesuaian') NOT NULL COMMENT 'masuk=stok bertambah, keluar=terjual/terpakai',
  `jumlah` int(11) NOT NULL COMMENT 'Jumlah perubahan stok',
  `stok_sebelum` int(11) NOT NULL,
  `stok_sesudah` int(11) NOT NULL,
  `referensi` varchar(100) DEFAULT NULL COMMENT 'Nomor transaksi/pembelian rujukan',
  `keterangan` text DEFAULT NULL,
  `created_at` timestamp NOT NULL DEFAULT current_timestamp()
) ENGINE=InnoDB DEFAULT CHARSET=utf8mb4 COLLATE=utf8mb4_unicode_ci;

--
-- Dumping data for table `stok_movements`
--

INSERT INTO `stok_movements` (`movement_id`, `produk_id`, `user_id`, `tipe`, `jumlah`, `stok_sebelum`, `stok_sesudah`, `referensi`, `keterangan`, `created_at`) VALUES
(1, 12, 2, 'keluar', 2, 82, 80, 'TRX-20260313-00001', 'Stok keluar akibat penjualan (seeded)', '2026-03-13 07:24:00'),
(2, 14, 2, 'keluar', 5, 55, 50, 'TRX-20260313-00001', 'Stok keluar akibat penjualan (seeded)', '2026-03-13 07:24:00'),
(3, 24, 2, 'keluar', 3, 43, 40, 'TRX-20260313-00001', 'Stok keluar akibat penjualan (seeded)', '2026-03-13 07:24:00'),
(4, 24, 3, 'keluar', 4, 44, 40, 'TRX-20260313-00002', 'Stok keluar akibat penjualan (seeded)', '2026-03-13 12:27:00'),
(5, 2, 3, 'keluar', 2, 102, 100, 'TRX-20260313-00003', 'Stok keluar akibat penjualan (seeded)', '2026-03-13 09:56:00'),
(6, 14, 3, 'keluar', 4, 54, 50, 'TRX-20260313-00003', 'Stok keluar akibat penjualan (seeded)', '2026-03-13 09:56:00'),
(7, 15, 3, 'keluar', 2, 42, 40, 'TRX-20260313-00003', 'Stok keluar akibat penjualan (seeded)', '2026-03-13 09:56:00'),
(8, 21, 3, 'keluar', 4, 24, 20, 'TRX-20260313-00003', 'Stok keluar akibat penjualan (seeded)', '2026-03-13 09:56:00'),
(9, 24, 3, 'keluar', 1, 41, 40, 'TRX-20260313-00003', 'Stok keluar akibat penjualan (seeded)', '2026-03-13 09:56:00'),
(10, 3, 2, 'keluar', 4, 64, 60, 'TRX-20260313-00004', 'Stok keluar akibat penjualan (seeded)', '2026-03-13 01:24:00'),
(11, 11, 2, 'keluar', 4, 104, 100, 'TRX-20260313-00004', 'Stok keluar akibat penjualan (seeded)', '2026-03-13 01:24:00'),
(12, 15, 2, 'keluar', 3, 43, 40, 'TRX-20260313-00004', 'Stok keluar akibat penjualan (seeded)', '2026-03-13 01:24:00'),
(13, 16, 2, 'keluar', 1, 31, 30, 'TRX-20260313-00004', 'Stok keluar akibat penjualan (seeded)', '2026-03-13 01:24:00'),
(14, 19, 2, 'keluar', 4, 54, 50, 'TRX-20260313-00004', 'Stok keluar akibat penjualan (seeded)', '2026-03-13 01:24:00'),
(15, 19, 2, 'keluar', 1, 51, 50, 'TRX-20260313-00005', 'Stok keluar akibat penjualan (seeded)', '2026-03-13 03:06:00'),
(16, 26, 2, 'keluar', 4, 34, 30, 'TRX-20260313-00005', 'Stok keluar akibat penjualan (seeded)', '2026-03-13 03:06:00'),
(17, 1, 3, 'keluar', 4, 154, 150, 'TRX-20260314-00006', 'Stok keluar akibat penjualan (seeded)', '2026-03-14 10:42:00'),
(18, 4, 3, 'keluar', 3, 83, 80, 'TRX-20260314-00006', 'Stok keluar akibat penjualan (seeded)', '2026-03-14 10:42:00'),
(19, 25, 3, 'keluar', 4, 7, 3, 'TRX-20260314-00006', 'Stok keluar akibat penjualan (seeded)', '2026-03-14 10:42:00'),
(20, 26, 3, 'keluar', 1, 31, 30, 'TRX-20260314-00006', 'Stok keluar akibat penjualan (seeded)', '2026-03-14 10:42:00'),
(21, 1, 2, 'keluar', 4, 154, 150, 'TRX-20260314-00007', 'Stok keluar akibat penjualan (seeded)', '2026-03-14 09:11:00'),
(22, 7, 2, 'keluar', 5, 205, 200, 'TRX-20260314-00007', 'Stok keluar akibat penjualan (seeded)', '2026-03-14 09:11:00'),
(23, 15, 2, 'keluar', 3, 43, 40, 'TRX-20260314-00007', 'Stok keluar akibat penjualan (seeded)', '2026-03-14 09:11:00'),
(24, 6, 3, 'keluar', 5, 125, 120, 'TRX-20260314-00008', 'Stok keluar akibat penjualan (seeded)', '2026-03-14 12:58:00'),
(25, 9, 3, 'keluar', 4, 52, 48, 'TRX-20260314-00008', 'Stok keluar akibat penjualan (seeded)', '2026-03-14 12:58:00'),
(26, 20, 3, 'keluar', 4, 34, 30, 'TRX-20260314-00008', 'Stok keluar akibat penjualan (seeded)', '2026-03-14 12:58:00'),
(27, 15, 3, 'keluar', 1, 41, 40, 'TRX-20260314-00009', 'Stok keluar akibat penjualan (seeded)', '2026-03-14 07:54:00'),
(28, 26, 3, 'keluar', 4, 34, 30, 'TRX-20260314-00009', 'Stok keluar akibat penjualan (seeded)', '2026-03-14 07:54:00'),
(29, 1, 2, 'keluar', 5, 155, 150, 'TRX-20260314-00010', 'Stok keluar akibat penjualan (seeded)', '2026-03-14 08:33:00'),
(30, 17, 2, 'keluar', 3, 28, 25, 'TRX-20260314-00010', 'Stok keluar akibat penjualan (seeded)', '2026-03-14 08:33:00'),
(31, 24, 3, 'keluar', 2, 42, 40, 'TRX-20260314-00011', 'Stok keluar akibat penjualan (seeded)', '2026-03-14 11:11:00'),
(32, 21, 2, 'keluar', 5, 25, 20, 'TRX-20260314-00012', 'Stok keluar akibat penjualan (seeded)', '2026-03-14 03:55:00'),
(33, 24, 2, 'keluar', 1, 41, 40, 'TRX-20260314-00012', 'Stok keluar akibat penjualan (seeded)', '2026-03-14 03:55:00'),
(34, 28, 2, 'keluar', 3, 7, 4, 'TRX-20260314-00013', 'Stok keluar akibat penjualan (seeded)', '2026-03-14 08:45:00'),
(35, 30, 2, 'keluar', 4, 54, 50, 'TRX-20260314-00013', 'Stok keluar akibat penjualan (seeded)', '2026-03-14 08:45:00'),
(36, 1, 2, 'keluar', 1, 151, 150, 'TRX-20260314-00014', 'Stok keluar akibat penjualan (seeded)', '2026-03-14 10:40:00'),
(37, 10, 2, 'keluar', 1, 37, 36, 'TRX-20260314-00014', 'Stok keluar akibat penjualan (seeded)', '2026-03-14 10:40:00'),
(38, 18, 2, 'keluar', 2, 37, 35, 'TRX-20260314-00014', 'Stok keluar akibat penjualan (seeded)', '2026-03-14 10:40:00'),
(39, 27, 2, 'keluar', 1, 21, 20, 'TRX-20260314-00014', 'Stok keluar akibat penjualan (seeded)', '2026-03-14 10:40:00'),
(40, 10, 3, 'keluar', 3, 39, 36, 'TRX-20260314-00015', 'Stok keluar akibat penjualan (seeded)', '2026-03-14 07:22:00'),
(41, 15, 3, 'keluar', 1, 41, 40, 'TRX-20260314-00015', 'Stok keluar akibat penjualan (seeded)', '2026-03-14 07:22:00'),
(42, 24, 3, 'keluar', 3, 43, 40, 'TRX-20260314-00015', 'Stok keluar akibat penjualan (seeded)', '2026-03-14 07:22:00'),
(43, 4, 2, 'keluar', 2, 82, 80, 'TRX-20260314-00017', 'Stok keluar akibat penjualan (seeded)', '2026-03-14 09:53:00'),
(44, 6, 2, 'keluar', 4, 124, 120, 'TRX-20260314-00017', 'Stok keluar akibat penjualan (seeded)', '2026-03-14 09:53:00'),
(45, 7, 2, 'keluar', 3, 203, 200, 'TRX-20260314-00017', 'Stok keluar akibat penjualan (seeded)', '2026-03-14 09:53:00'),
(46, 11, 2, 'keluar', 3, 103, 100, 'TRX-20260314-00017', 'Stok keluar akibat penjualan (seeded)', '2026-03-14 09:53:00'),
(47, 16, 2, 'keluar', 1, 31, 30, 'TRX-20260314-00017', 'Stok keluar akibat penjualan (seeded)', '2026-03-14 09:53:00'),
(48, 10, 3, 'keluar', 1, 37, 36, 'TRX-20260314-00018', 'Stok keluar akibat penjualan (seeded)', '2026-03-14 03:37:00'),
(49, 14, 3, 'keluar', 4, 54, 50, 'TRX-20260314-00018', 'Stok keluar akibat penjualan (seeded)', '2026-03-14 03:37:00'),
(50, 18, 3, 'keluar', 4, 39, 35, 'TRX-20260314-00018', 'Stok keluar akibat penjualan (seeded)', '2026-03-14 03:37:00'),
(51, 19, 3, 'keluar', 5, 55, 50, 'TRX-20260314-00018', 'Stok keluar akibat penjualan (seeded)', '2026-03-14 03:37:00'),
(52, 23, 3, 'keluar', 1, 61, 60, 'TRX-20260314-00018', 'Stok keluar akibat penjualan (seeded)', '2026-03-14 03:37:00'),
(53, 11, 3, 'keluar', 4, 104, 100, 'TRX-20260315-00019', 'Stok keluar akibat penjualan (seeded)', '2026-03-15 06:10:00'),
(54, 14, 3, 'keluar', 1, 51, 50, 'TRX-20260315-00019', 'Stok keluar akibat penjualan (seeded)', '2026-03-15 06:10:00'),
(55, 17, 2, 'keluar', 1, 26, 25, 'TRX-20260315-00021', 'Stok keluar akibat penjualan (seeded)', '2026-03-15 07:37:00'),
(56, 20, 2, 'keluar', 2, 32, 30, 'TRX-20260315-00021', 'Stok keluar akibat penjualan (seeded)', '2026-03-15 07:37:00'),
(57, 22, 2, 'keluar', 2, 27, 25, 'TRX-20260315-00021', 'Stok keluar akibat penjualan (seeded)', '2026-03-15 07:37:00'),
(58, 17, 3, 'keluar', 1, 26, 25, 'TRX-20260315-00022', 'Stok keluar akibat penjualan (seeded)', '2026-03-15 03:48:00'),
(59, 27, 3, 'keluar', 3, 23, 20, 'TRX-20260315-00022', 'Stok keluar akibat penjualan (seeded)', '2026-03-15 03:48:00'),
(60, 4, 2, 'keluar', 4, 84, 80, 'TRX-20260315-00023', 'Stok keluar akibat penjualan (seeded)', '2026-03-15 06:28:00'),
(61, 6, 2, 'keluar', 3, 123, 120, 'TRX-20260315-00023', 'Stok keluar akibat penjualan (seeded)', '2026-03-15 06:28:00'),
(62, 11, 2, 'keluar', 1, 101, 100, 'TRX-20260315-00023', 'Stok keluar akibat penjualan (seeded)', '2026-03-15 06:28:00'),
(63, 25, 2, 'keluar', 1, 4, 3, 'TRX-20260315-00023', 'Stok keluar akibat penjualan (seeded)', '2026-03-15 06:28:00'),
(64, 1, 2, 'keluar', 3, 153, 150, 'TRX-20260316-00024', 'Stok keluar akibat penjualan (seeded)', '2026-03-16 03:18:00'),
(65, 7, 2, 'keluar', 4, 204, 200, 'TRX-20260316-00024', 'Stok keluar akibat penjualan (seeded)', '2026-03-16 03:18:00'),
(66, 10, 2, 'keluar', 2, 38, 36, 'TRX-20260316-00024', 'Stok keluar akibat penjualan (seeded)', '2026-03-16 03:18:00'),
(67, 18, 2, 'keluar', 1, 36, 35, 'TRX-20260316-00024', 'Stok keluar akibat penjualan (seeded)', '2026-03-16 03:18:00'),
(68, 16, 2, 'keluar', 2, 32, 30, 'TRX-20260316-00025', 'Stok keluar akibat penjualan (seeded)', '2026-03-16 05:58:00'),
(69, 19, 2, 'keluar', 2, 52, 50, 'TRX-20260316-00025', 'Stok keluar akibat penjualan (seeded)', '2026-03-16 05:58:00'),
(70, 24, 2, 'keluar', 4, 44, 40, 'TRX-20260316-00025', 'Stok keluar akibat penjualan (seeded)', '2026-03-16 05:58:00'),
(71, 29, 2, 'keluar', 5, 25, 20, 'TRX-20260316-00025', 'Stok keluar akibat penjualan (seeded)', '2026-03-16 05:58:00'),
(72, 10, 2, 'keluar', 2, 38, 36, 'TRX-20260316-00026', 'Stok keluar akibat penjualan (seeded)', '2026-03-16 12:07:00'),
(73, 12, 2, 'keluar', 1, 81, 80, 'TRX-20260316-00026', 'Stok keluar akibat penjualan (seeded)', '2026-03-16 12:07:00'),
(74, 21, 2, 'keluar', 4, 24, 20, 'TRX-20260316-00026', 'Stok keluar akibat penjualan (seeded)', '2026-03-16 12:07:00'),
(75, 30, 2, 'keluar', 5, 55, 50, 'TRX-20260316-00027', 'Stok keluar akibat penjualan (seeded)', '2026-03-16 07:03:00'),
(76, 26, 2, 'keluar', 5, 35, 30, 'TRX-20260316-00028', 'Stok keluar akibat penjualan (seeded)', '2026-03-16 05:26:00'),
(77, 6, 3, 'keluar', 3, 123, 120, 'TRX-20260316-00029', 'Stok keluar akibat penjualan (seeded)', '2026-03-16 10:41:00'),
(78, 1, 2, 'keluar', 3, 153, 150, 'TRX-20260316-00030', 'Stok keluar akibat penjualan (seeded)', '2026-03-16 03:03:00'),
(79, 7, 2, 'keluar', 5, 205, 200, 'TRX-20260316-00030', 'Stok keluar akibat penjualan (seeded)', '2026-03-16 03:03:00'),
(80, 12, 2, 'keluar', 1, 81, 80, 'TRX-20260316-00030', 'Stok keluar akibat penjualan (seeded)', '2026-03-16 03:03:00'),
(81, 18, 2, 'keluar', 4, 39, 35, 'TRX-20260316-00030', 'Stok keluar akibat penjualan (seeded)', '2026-03-16 03:03:00'),
(82, 28, 2, 'keluar', 4, 8, 4, 'TRX-20260316-00030', 'Stok keluar akibat penjualan (seeded)', '2026-03-16 03:03:00'),
(83, 14, 2, 'keluar', 3, 53, 50, 'TRX-20260316-00031', 'Stok keluar akibat penjualan (seeded)', '2026-03-16 03:46:00'),
(84, 28, 2, 'keluar', 1, 5, 4, 'TRX-20260316-00031', 'Stok keluar akibat penjualan (seeded)', '2026-03-16 03:46:00'),
(85, 29, 2, 'keluar', 5, 25, 20, 'TRX-20260316-00031', 'Stok keluar akibat penjualan (seeded)', '2026-03-16 03:46:00'),
(86, 16, 3, 'keluar', 3, 33, 30, 'TRX-20260317-00032', 'Stok keluar akibat penjualan (seeded)', '2026-03-17 03:20:00'),
(87, 17, 3, 'keluar', 2, 27, 25, 'TRX-20260317-00032', 'Stok keluar akibat penjualan (seeded)', '2026-03-17 03:20:00'),
(88, 18, 3, 'keluar', 3, 38, 35, 'TRX-20260317-00032', 'Stok keluar akibat penjualan (seeded)', '2026-03-17 03:20:00'),
(89, 21, 3, 'keluar', 1, 21, 20, 'TRX-20260317-00032', 'Stok keluar akibat penjualan (seeded)', '2026-03-17 03:20:00'),
(90, 30, 3, 'keluar', 4, 54, 50, 'TRX-20260317-00032', 'Stok keluar akibat penjualan (seeded)', '2026-03-17 03:20:00'),
(91, 3, 3, 'keluar', 4, 64, 60, 'TRX-20260317-00033', 'Stok keluar akibat penjualan (seeded)', '2026-03-17 02:33:00'),
(92, 14, 3, 'keluar', 1, 51, 50, 'TRX-20260317-00033', 'Stok keluar akibat penjualan (seeded)', '2026-03-17 02:33:00'),
(93, 29, 3, 'keluar', 1, 21, 20, 'TRX-20260317-00033', 'Stok keluar akibat penjualan (seeded)', '2026-03-17 02:33:00'),
(94, 30, 3, 'keluar', 4, 54, 50, 'TRX-20260317-00033', 'Stok keluar akibat penjualan (seeded)', '2026-03-17 02:33:00'),
(95, 11, 3, 'keluar', 2, 102, 100, 'TRX-20260317-00035', 'Stok keluar akibat penjualan (seeded)', '2026-03-17 04:18:00'),
(96, 26, 3, 'keluar', 2, 32, 30, 'TRX-20260317-00035', 'Stok keluar akibat penjualan (seeded)', '2026-03-17 04:18:00'),
(97, 3, 2, 'keluar', 4, 64, 60, 'TRX-20260317-00036', 'Stok keluar akibat penjualan (seeded)', '2026-03-17 10:00:00'),
(98, 4, 2, 'keluar', 4, 84, 80, 'TRX-20260317-00036', 'Stok keluar akibat penjualan (seeded)', '2026-03-17 10:00:00'),
(99, 14, 2, 'keluar', 3, 53, 50, 'TRX-20260317-00036', 'Stok keluar akibat penjualan (seeded)', '2026-03-17 10:00:00'),
(100, 30, 2, 'keluar', 5, 55, 50, 'TRX-20260317-00036', 'Stok keluar akibat penjualan (seeded)', '2026-03-17 10:00:00'),
(101, 7, 2, 'keluar', 3, 203, 200, 'TRX-20260317-00037', 'Stok keluar akibat penjualan (seeded)', '2026-03-17 05:53:00'),
(102, 20, 2, 'keluar', 1, 31, 30, 'TRX-20260317-00038', 'Stok keluar akibat penjualan (seeded)', '2026-03-17 07:34:00'),
(103, 25, 2, 'keluar', 4, 7, 3, 'TRX-20260317-00038', 'Stok keluar akibat penjualan (seeded)', '2026-03-17 07:34:00'),
(104, 28, 2, 'keluar', 1, 5, 4, 'TRX-20260317-00038', 'Stok keluar akibat penjualan (seeded)', '2026-03-17 07:34:00'),
(105, 22, 3, 'keluar', 4, 29, 25, 'TRX-20260317-00039', 'Stok keluar akibat penjualan (seeded)', '2026-03-17 13:28:00'),
(106, 2, 2, 'keluar', 2, 102, 100, 'TRX-20260317-00040', 'Stok keluar akibat penjualan (seeded)', '2026-03-17 03:55:00'),
(107, 8, 2, 'keluar', 5, 77, 72, 'TRX-20260317-00040', 'Stok keluar akibat penjualan (seeded)', '2026-03-17 03:55:00'),
(108, 10, 2, 'keluar', 4, 40, 36, 'TRX-20260317-00040', 'Stok keluar akibat penjualan (seeded)', '2026-03-17 03:55:00'),
(109, 19, 2, 'keluar', 5, 55, 50, 'TRX-20260317-00040', 'Stok keluar akibat penjualan (seeded)', '2026-03-17 03:55:00'),
(110, 8, 3, 'keluar', 1, 73, 72, 'TRX-20260317-00041', 'Stok keluar akibat penjualan (seeded)', '2026-03-17 08:18:00'),
(111, 15, 2, 'keluar', 3, 43, 40, 'TRX-20260317-00042', 'Stok keluar akibat penjualan (seeded)', '2026-03-17 01:55:00'),
(112, 16, 2, 'keluar', 2, 32, 30, 'TRX-20260317-00042', 'Stok keluar akibat penjualan (seeded)', '2026-03-17 01:55:00'),
(113, 21, 2, 'keluar', 3, 23, 20, 'TRX-20260317-00042', 'Stok keluar akibat penjualan (seeded)', '2026-03-17 01:55:00'),
(114, 5, 3, 'keluar', 5, 30, 25, 'TRX-20260317-00043', 'Stok keluar akibat penjualan (seeded)', '2026-03-17 06:13:00'),
(115, 11, 3, 'keluar', 4, 104, 100, 'TRX-20260317-00043', 'Stok keluar akibat penjualan (seeded)', '2026-03-17 06:13:00'),
(116, 16, 3, 'keluar', 2, 32, 30, 'TRX-20260317-00043', 'Stok keluar akibat penjualan (seeded)', '2026-03-17 06:13:00'),
(117, 28, 3, 'keluar', 5, 9, 4, 'TRX-20260317-00043', 'Stok keluar akibat penjualan (seeded)', '2026-03-17 06:13:00'),
(118, 5, 2, 'keluar', 3, 28, 25, 'TRX-20260317-00044', 'Stok keluar akibat penjualan (seeded)', '2026-03-17 11:43:00'),
(119, 20, 2, 'keluar', 2, 32, 30, 'TRX-20260317-00044', 'Stok keluar akibat penjualan (seeded)', '2026-03-17 11:43:00'),
(120, 21, 2, 'keluar', 2, 22, 20, 'TRX-20260317-00044', 'Stok keluar akibat penjualan (seeded)', '2026-03-17 11:43:00'),
(121, 29, 2, 'keluar', 1, 21, 20, 'TRX-20260317-00044', 'Stok keluar akibat penjualan (seeded)', '2026-03-17 11:43:00'),
(122, 10, 3, 'keluar', 3, 39, 36, 'TRX-20260317-00045', 'Stok keluar akibat penjualan (seeded)', '2026-03-17 01:46:00'),
(123, 12, 3, 'keluar', 3, 83, 80, 'TRX-20260317-00045', 'Stok keluar akibat penjualan (seeded)', '2026-03-17 01:46:00'),
(124, 29, 3, 'keluar', 2, 22, 20, 'TRX-20260317-00045', 'Stok keluar akibat penjualan (seeded)', '2026-03-17 01:46:00'),
(125, 6, 3, 'keluar', 1, 121, 120, 'TRX-20260318-00046', 'Stok keluar akibat penjualan (seeded)', '2026-03-18 06:23:00'),
(126, 15, 3, 'keluar', 4, 44, 40, 'TRX-20260318-00046', 'Stok keluar akibat penjualan (seeded)', '2026-03-18 06:23:00'),
(127, 19, 3, 'keluar', 4, 54, 50, 'TRX-20260318-00046', 'Stok keluar akibat penjualan (seeded)', '2026-03-18 06:23:00'),
(128, 6, 3, 'keluar', 4, 124, 120, 'TRX-20260318-00047', 'Stok keluar akibat penjualan (seeded)', '2026-03-18 06:47:00'),
(129, 1, 3, 'keluar', 1, 151, 150, 'TRX-20260318-00048', 'Stok keluar akibat penjualan (seeded)', '2026-03-18 07:27:00'),
(130, 6, 3, 'keluar', 1, 121, 120, 'TRX-20260318-00048', 'Stok keluar akibat penjualan (seeded)', '2026-03-18 07:27:00'),
(131, 15, 3, 'keluar', 4, 44, 40, 'TRX-20260318-00048', 'Stok keluar akibat penjualan (seeded)', '2026-03-18 07:27:00'),
(132, 20, 3, 'keluar', 1, 31, 30, 'TRX-20260318-00048', 'Stok keluar akibat penjualan (seeded)', '2026-03-18 07:27:00'),
(133, 2, 2, 'keluar', 2, 102, 100, 'TRX-20260318-00049', 'Stok keluar akibat penjualan (seeded)', '2026-03-18 02:34:00'),
(134, 8, 2, 'keluar', 4, 76, 72, 'TRX-20260318-00049', 'Stok keluar akibat penjualan (seeded)', '2026-03-18 02:34:00'),
(135, 17, 2, 'keluar', 1, 26, 25, 'TRX-20260318-00049', 'Stok keluar akibat penjualan (seeded)', '2026-03-18 02:34:00'),
(136, 24, 2, 'keluar', 2, 42, 40, 'TRX-20260318-00049', 'Stok keluar akibat penjualan (seeded)', '2026-03-18 02:34:00'),
(137, 3, 3, 'keluar', 2, 62, 60, 'TRX-20260318-00050', 'Stok keluar akibat penjualan (seeded)', '2026-03-18 01:23:00'),
(138, 5, 3, 'keluar', 3, 28, 25, 'TRX-20260318-00050', 'Stok keluar akibat penjualan (seeded)', '2026-03-18 01:23:00'),
(139, 21, 3, 'keluar', 2, 22, 20, 'TRX-20260318-00050', 'Stok keluar akibat penjualan (seeded)', '2026-03-18 01:23:00'),
(140, 23, 3, 'keluar', 4, 64, 60, 'TRX-20260318-00050', 'Stok keluar akibat penjualan (seeded)', '2026-03-18 01:23:00'),
(141, 24, 3, 'keluar', 3, 43, 40, 'TRX-20260318-00050', 'Stok keluar akibat penjualan (seeded)', '2026-03-18 01:23:00'),
(142, 2, 3, 'keluar', 4, 104, 100, 'TRX-20260318-00051', 'Stok keluar akibat penjualan (seeded)', '2026-03-18 04:30:00'),
(143, 6, 3, 'keluar', 4, 124, 120, 'TRX-20260318-00051', 'Stok keluar akibat penjualan (seeded)', '2026-03-18 04:30:00'),
(144, 18, 3, 'keluar', 3, 38, 35, 'TRX-20260318-00051', 'Stok keluar akibat penjualan (seeded)', '2026-03-18 04:30:00'),
(145, 22, 3, 'keluar', 2, 27, 25, 'TRX-20260318-00051', 'Stok keluar akibat penjualan (seeded)', '2026-03-18 04:30:00'),
(146, 9, 3, 'keluar', 2, 50, 48, 'TRX-20260318-00052', 'Stok keluar akibat penjualan (seeded)', '2026-03-18 07:57:00'),
(147, 13, 3, 'keluar', 4, 64, 60, 'TRX-20260318-00052', 'Stok keluar akibat penjualan (seeded)', '2026-03-18 07:57:00'),
(148, 10, 3, 'keluar', 3, 39, 36, 'TRX-20260318-00053', 'Stok keluar akibat penjualan (seeded)', '2026-03-18 08:06:00'),
(149, 19, 2, 'keluar', 3, 53, 50, 'TRX-20260318-00054', 'Stok keluar akibat penjualan (seeded)', '2026-03-18 06:27:00'),
(150, 20, 2, 'keluar', 2, 32, 30, 'TRX-20260318-00054', 'Stok keluar akibat penjualan (seeded)', '2026-03-18 06:27:00'),
(151, 6, 2, 'keluar', 5, 125, 120, 'TRX-20260318-00055', 'Stok keluar akibat penjualan (seeded)', '2026-03-18 07:46:00'),
(152, 7, 2, 'keluar', 4, 204, 200, 'TRX-20260318-00055', 'Stok keluar akibat penjualan (seeded)', '2026-03-18 07:46:00'),
(153, 9, 2, 'keluar', 4, 52, 48, 'TRX-20260318-00055', 'Stok keluar akibat penjualan (seeded)', '2026-03-18 07:46:00'),
(154, 29, 2, 'keluar', 3, 23, 20, 'TRX-20260318-00055', 'Stok keluar akibat penjualan (seeded)', '2026-03-18 07:46:00'),
(155, 5, 2, 'keluar', 3, 28, 25, 'TRX-20260318-00056', 'Stok keluar akibat penjualan (seeded)', '2026-03-18 05:16:00'),
(156, 15, 2, 'keluar', 1, 41, 40, 'TRX-20260318-00056', 'Stok keluar akibat penjualan (seeded)', '2026-03-18 05:16:00'),
(157, 27, 2, 'keluar', 5, 25, 20, 'TRX-20260318-00056', 'Stok keluar akibat penjualan (seeded)', '2026-03-18 05:16:00'),
(158, 30, 2, 'keluar', 2, 52, 50, 'TRX-20260318-00056', 'Stok keluar akibat penjualan (seeded)', '2026-03-18 05:16:00'),
(159, 3, 3, 'keluar', 5, 65, 60, 'TRX-20260318-00057', 'Stok keluar akibat penjualan (seeded)', '2026-03-18 12:08:00'),
(160, 30, 3, 'keluar', 4, 54, 50, 'TRX-20260318-00057', 'Stok keluar akibat penjualan (seeded)', '2026-03-18 12:08:00'),
(161, 7, 2, 'keluar', 3, 203, 200, 'TRX-20260318-00058', 'Stok keluar akibat penjualan (seeded)', '2026-03-18 02:52:00'),
(162, 24, 2, 'keluar', 4, 44, 40, 'TRX-20260318-00058', 'Stok keluar akibat penjualan (seeded)', '2026-03-18 02:52:00'),
(163, 8, 3, 'keluar', 4, 76, 72, 'TRX-20260318-00059', 'Stok keluar akibat penjualan (seeded)', '2026-03-18 11:28:00'),
(164, 23, 3, 'keluar', 4, 64, 60, 'TRX-20260318-00059', 'Stok keluar akibat penjualan (seeded)', '2026-03-18 11:28:00'),
(165, 2, 3, 'keluar', 1, 101, 100, 'TRX-20260319-00060', 'Stok keluar akibat penjualan (seeded)', '2026-03-19 13:44:00'),
(166, 3, 3, 'keluar', 4, 64, 60, 'TRX-20260319-00060', 'Stok keluar akibat penjualan (seeded)', '2026-03-19 13:44:00'),
(167, 4, 3, 'keluar', 2, 82, 80, 'TRX-20260319-00060', 'Stok keluar akibat penjualan (seeded)', '2026-03-19 13:44:00'),
(168, 5, 3, 'keluar', 3, 28, 25, 'TRX-20260319-00060', 'Stok keluar akibat penjualan (seeded)', '2026-03-19 13:44:00'),
(169, 12, 3, 'keluar', 4, 84, 80, 'TRX-20260319-00060', 'Stok keluar akibat penjualan (seeded)', '2026-03-19 13:44:00'),
(170, 2, 2, 'keluar', 5, 105, 100, 'TRX-20260319-00061', 'Stok keluar akibat penjualan (seeded)', '2026-03-19 01:57:00'),
(171, 23, 2, 'keluar', 4, 64, 60, 'TRX-20260319-00061', 'Stok keluar akibat penjualan (seeded)', '2026-03-19 01:57:00'),
(172, 5, 2, 'keluar', 2, 27, 25, 'TRX-20260319-00062', 'Stok keluar akibat penjualan (seeded)', '2026-03-19 09:12:00'),
(173, 23, 2, 'keluar', 5, 65, 60, 'TRX-20260319-00062', 'Stok keluar akibat penjualan (seeded)', '2026-03-19 09:12:00'),
(174, 11, 3, 'keluar', 1, 101, 100, 'TRX-20260319-00063', 'Stok keluar akibat penjualan (seeded)', '2026-03-19 08:51:00'),
(175, 17, 3, 'keluar', 3, 28, 25, 'TRX-20260319-00063', 'Stok keluar akibat penjualan (seeded)', '2026-03-19 08:51:00'),
(176, 18, 3, 'keluar', 2, 37, 35, 'TRX-20260319-00063', 'Stok keluar akibat penjualan (seeded)', '2026-03-19 08:51:00'),
(177, 26, 3, 'keluar', 2, 32, 30, 'TRX-20260319-00063', 'Stok keluar akibat penjualan (seeded)', '2026-03-19 08:51:00'),
(178, 1, 3, 'keluar', 2, 152, 150, 'TRX-20260319-00064', 'Stok keluar akibat penjualan (seeded)', '2026-03-19 08:37:00'),
(179, 6, 3, 'keluar', 4, 124, 120, 'TRX-20260319-00064', 'Stok keluar akibat penjualan (seeded)', '2026-03-19 08:37:00'),
(180, 11, 3, 'keluar', 5, 105, 100, 'TRX-20260319-00064', 'Stok keluar akibat penjualan (seeded)', '2026-03-19 08:37:00'),
(181, 13, 3, 'keluar', 3, 63, 60, 'TRX-20260319-00064', 'Stok keluar akibat penjualan (seeded)', '2026-03-19 08:37:00'),
(182, 29, 3, 'keluar', 3, 23, 20, 'TRX-20260319-00064', 'Stok keluar akibat penjualan (seeded)', '2026-03-19 08:37:00'),
(183, 9, 3, 'keluar', 4, 52, 48, 'TRX-20260319-00065', 'Stok keluar akibat penjualan (seeded)', '2026-03-19 12:44:00'),
(184, 20, 3, 'keluar', 5, 35, 30, 'TRX-20260319-00065', 'Stok keluar akibat penjualan (seeded)', '2026-03-19 12:44:00'),
(185, 22, 3, 'keluar', 3, 28, 25, 'TRX-20260319-00065', 'Stok keluar akibat penjualan (seeded)', '2026-03-19 12:44:00'),
(186, 25, 3, 'keluar', 1, 4, 3, 'TRX-20260319-00065', 'Stok keluar akibat penjualan (seeded)', '2026-03-19 12:44:00'),
(187, 30, 3, 'keluar', 1, 51, 50, 'TRX-20260319-00065', 'Stok keluar akibat penjualan (seeded)', '2026-03-19 12:44:00'),
(188, 2, 2, 'keluar', 5, 105, 100, 'TRX-20260320-00066', 'Stok keluar akibat penjualan (seeded)', '2026-03-20 10:54:00'),
(189, 8, 2, 'keluar', 1, 73, 72, 'TRX-20260320-00066', 'Stok keluar akibat penjualan (seeded)', '2026-03-20 10:54:00'),
(190, 15, 2, 'keluar', 4, 44, 40, 'TRX-20260320-00066', 'Stok keluar akibat penjualan (seeded)', '2026-03-20 10:54:00'),
(191, 21, 2, 'keluar', 1, 21, 20, 'TRX-20260320-00066', 'Stok keluar akibat penjualan (seeded)', '2026-03-20 10:54:00'),
(192, 23, 2, 'keluar', 4, 64, 60, 'TRX-20260320-00066', 'Stok keluar akibat penjualan (seeded)', '2026-03-20 10:54:00'),
(193, 4, 2, 'keluar', 3, 83, 80, 'TRX-20260320-00067', 'Stok keluar akibat penjualan (seeded)', '2026-03-20 01:13:00'),
(194, 5, 2, 'keluar', 1, 26, 25, 'TRX-20260320-00067', 'Stok keluar akibat penjualan (seeded)', '2026-03-20 01:13:00'),
(195, 14, 2, 'keluar', 2, 52, 50, 'TRX-20260320-00067', 'Stok keluar akibat penjualan (seeded)', '2026-03-20 01:13:00'),
(196, 18, 2, 'keluar', 3, 38, 35, 'TRX-20260320-00067', 'Stok keluar akibat penjualan (seeded)', '2026-03-20 01:13:00'),
(197, 30, 2, 'keluar', 4, 54, 50, 'TRX-20260320-00067', 'Stok keluar akibat penjualan (seeded)', '2026-03-20 01:13:00'),
(198, 4, 2, 'keluar', 2, 82, 80, 'TRX-20260320-00068', 'Stok keluar akibat penjualan (seeded)', '2026-03-20 07:37:00'),
(199, 10, 2, 'keluar', 1, 37, 36, 'TRX-20260320-00068', 'Stok keluar akibat penjualan (seeded)', '2026-03-20 07:37:00'),
(200, 14, 2, 'keluar', 5, 55, 50, 'TRX-20260320-00068', 'Stok keluar akibat penjualan (seeded)', '2026-03-20 07:37:00'),
(201, 17, 2, 'keluar', 5, 30, 25, 'TRX-20260320-00068', 'Stok keluar akibat penjualan (seeded)', '2026-03-20 07:37:00'),
(202, 25, 2, 'keluar', 3, 6, 3, 'TRX-20260320-00068', 'Stok keluar akibat penjualan (seeded)', '2026-03-20 07:37:00'),
(203, 3, 2, 'keluar', 4, 64, 60, 'TRX-20260320-00069', 'Stok keluar akibat penjualan (seeded)', '2026-03-20 06:09:00'),
(204, 17, 2, 'keluar', 3, 28, 25, 'TRX-20260320-00069', 'Stok keluar akibat penjualan (seeded)', '2026-03-20 06:09:00'),
(205, 22, 2, 'keluar', 2, 27, 25, 'TRX-20260320-00069', 'Stok keluar akibat penjualan (seeded)', '2026-03-20 06:09:00'),
(206, 26, 2, 'keluar', 1, 31, 30, 'TRX-20260320-00069', 'Stok keluar akibat penjualan (seeded)', '2026-03-20 06:09:00'),
(207, 30, 2, 'keluar', 3, 53, 50, 'TRX-20260320-00069', 'Stok keluar akibat penjualan (seeded)', '2026-03-20 06:09:00'),
(208, 11, 3, 'keluar', 4, 104, 100, 'TRX-20260320-00070', 'Stok keluar akibat penjualan (seeded)', '2026-03-20 05:41:00'),
(209, 12, 3, 'keluar', 4, 84, 80, 'TRX-20260320-00071', 'Stok keluar akibat penjualan (seeded)', '2026-03-20 08:15:00'),
(210, 19, 3, 'keluar', 4, 54, 50, 'TRX-20260320-00071', 'Stok keluar akibat penjualan (seeded)', '2026-03-20 08:15:00'),
(211, 3, 3, 'keluar', 3, 63, 60, 'TRX-20260320-00072', 'Stok keluar akibat penjualan (seeded)', '2026-03-20 13:22:00'),
(212, 8, 3, 'keluar', 1, 73, 72, 'TRX-20260320-00072', 'Stok keluar akibat penjualan (seeded)', '2026-03-20 13:22:00'),
(213, 9, 3, 'keluar', 3, 51, 48, 'TRX-20260320-00072', 'Stok keluar akibat penjualan (seeded)', '2026-03-20 13:22:00'),
(214, 14, 3, 'keluar', 5, 55, 50, 'TRX-20260320-00072', 'Stok keluar akibat penjualan (seeded)', '2026-03-20 13:22:00'),
(215, 30, 3, 'keluar', 4, 54, 50, 'TRX-20260320-00072', 'Stok keluar akibat penjualan (seeded)', '2026-03-20 13:22:00'),
(216, 5, 2, 'keluar', 2, 27, 25, 'TRX-20260320-00073', 'Stok keluar akibat penjualan (seeded)', '2026-03-20 03:34:00'),
(217, 6, 2, 'keluar', 2, 122, 120, 'TRX-20260320-00073', 'Stok keluar akibat penjualan (seeded)', '2026-03-20 03:34:00'),
(218, 20, 2, 'keluar', 4, 34, 30, 'TRX-20260320-00073', 'Stok keluar akibat penjualan (seeded)', '2026-03-20 03:34:00'),
(219, 25, 2, 'keluar', 1, 4, 3, 'TRX-20260320-00073', 'Stok keluar akibat penjualan (seeded)', '2026-03-20 03:34:00'),
(220, 26, 2, 'keluar', 3, 33, 30, 'TRX-20260320-00073', 'Stok keluar akibat penjualan (seeded)', '2026-03-20 03:34:00'),
(221, 20, 3, 'keluar', 2, 32, 30, 'TRX-20260321-00074', 'Stok keluar akibat penjualan (seeded)', '2026-03-21 02:02:00'),
(222, 28, 3, 'keluar', 2, 6, 4, 'TRX-20260321-00074', 'Stok keluar akibat penjualan (seeded)', '2026-03-21 02:02:00'),
(223, 9, 3, 'keluar', 5, 53, 48, 'TRX-20260321-00076', 'Stok keluar akibat penjualan (seeded)', '2026-03-21 03:34:00'),
(224, 1, 2, 'keluar', 3, 153, 150, 'TRX-20260321-00077', 'Stok keluar akibat penjualan (seeded)', '2026-03-21 03:28:00'),
(225, 18, 3, 'keluar', 1, 36, 35, 'TRX-20260321-00078', 'Stok keluar akibat penjualan (seeded)', '2026-03-21 01:09:00'),
(226, 9, 3, 'keluar', 4, 52, 48, 'TRX-20260321-00079', 'Stok keluar akibat penjualan (seeded)', '2026-03-21 05:57:00'),
(227, 29, 3, 'keluar', 4, 24, 20, 'TRX-20260321-00079', 'Stok keluar akibat penjualan (seeded)', '2026-03-21 05:57:00'),
(228, 10, 3, 'keluar', 1, 37, 36, 'TRX-20260321-00080', 'Stok keluar akibat penjualan (seeded)', '2026-03-21 12:40:00'),
(229, 22, 3, 'keluar', 4, 29, 25, 'TRX-20260321-00080', 'Stok keluar akibat penjualan (seeded)', '2026-03-21 12:40:00'),
(230, 7, 2, 'keluar', 3, 203, 200, 'TRX-20260321-00081', 'Stok keluar akibat penjualan (seeded)', '2026-03-21 10:52:00'),
(231, 16, 2, 'keluar', 5, 35, 30, 'TRX-20260321-00081', 'Stok keluar akibat penjualan (seeded)', '2026-03-21 10:52:00'),
(232, 17, 2, 'keluar', 1, 26, 25, 'TRX-20260321-00081', 'Stok keluar akibat penjualan (seeded)', '2026-03-21 10:52:00'),
(233, 9, 2, 'keluar', 1, 49, 48, 'TRX-20260322-00082', 'Stok keluar akibat penjualan (seeded)', '2026-03-22 12:05:00'),
(234, 26, 2, 'keluar', 4, 34, 30, 'TRX-20260322-00082', 'Stok keluar akibat penjualan (seeded)', '2026-03-22 12:05:00'),
(235, 10, 2, 'keluar', 3, 39, 36, 'TRX-20260322-00083', 'Stok keluar akibat penjualan (seeded)', '2026-03-22 12:05:00'),
(236, 13, 2, 'keluar', 3, 63, 60, 'TRX-20260322-00083', 'Stok keluar akibat penjualan (seeded)', '2026-03-22 12:05:00'),
(237, 14, 2, 'keluar', 5, 55, 50, 'TRX-20260322-00083', 'Stok keluar akibat penjualan (seeded)', '2026-03-22 12:05:00'),
(238, 5, 2, 'keluar', 3, 28, 25, 'TRX-20260322-00084', 'Stok keluar akibat penjualan (seeded)', '2026-03-22 09:09:00'),
(239, 9, 2, 'keluar', 3, 51, 48, 'TRX-20260322-00084', 'Stok keluar akibat penjualan (seeded)', '2026-03-22 09:09:00'),
(240, 12, 2, 'keluar', 2, 82, 80, 'TRX-20260322-00084', 'Stok keluar akibat penjualan (seeded)', '2026-03-22 09:09:00'),
(241, 14, 2, 'keluar', 4, 54, 50, 'TRX-20260322-00084', 'Stok keluar akibat penjualan (seeded)', '2026-03-22 09:09:00'),
(242, 6, 3, 'keluar', 5, 125, 120, 'TRX-20260322-00086', 'Stok keluar akibat penjualan (seeded)', '2026-03-22 01:12:00'),
(243, 13, 3, 'keluar', 1, 61, 60, 'TRX-20260322-00086', 'Stok keluar akibat penjualan (seeded)', '2026-03-22 01:12:00'),
(244, 20, 3, 'keluar', 3, 33, 30, 'TRX-20260322-00086', 'Stok keluar akibat penjualan (seeded)', '2026-03-22 01:12:00'),
(245, 23, 3, 'keluar', 5, 65, 60, 'TRX-20260322-00086', 'Stok keluar akibat penjualan (seeded)', '2026-03-22 01:12:00'),
(246, 24, 3, 'keluar', 4, 44, 40, 'TRX-20260322-00086', 'Stok keluar akibat penjualan (seeded)', '2026-03-22 01:12:00'),
(247, 4, 2, 'keluar', 3, 83, 80, 'TRX-20260322-00087', 'Stok keluar akibat penjualan (seeded)', '2026-03-22 06:15:00'),
(248, 6, 2, 'keluar', 1, 121, 120, 'TRX-20260322-00087', 'Stok keluar akibat penjualan (seeded)', '2026-03-22 06:15:00'),
(249, 20, 2, 'keluar', 4, 34, 30, 'TRX-20260322-00087', 'Stok keluar akibat penjualan (seeded)', '2026-03-22 06:15:00'),
(250, 4, 2, 'keluar', 2, 82, 80, 'TRX-20260322-00088', 'Stok keluar akibat penjualan (seeded)', '2026-03-22 03:47:00'),
(251, 16, 3, 'keluar', 1, 31, 30, 'TRX-20260322-00090', 'Stok keluar akibat penjualan (seeded)', '2026-03-22 07:36:00'),
(252, 25, 2, 'keluar', 5, 8, 3, 'TRX-20260323-00091', 'Stok keluar akibat penjualan (seeded)', '2026-03-23 05:36:00'),
(253, 16, 2, 'keluar', 3, 33, 30, 'TRX-20260323-00092', 'Stok keluar akibat penjualan (seeded)', '2026-03-23 13:13:00'),
(254, 18, 2, 'keluar', 1, 36, 35, 'TRX-20260323-00092', 'Stok keluar akibat penjualan (seeded)', '2026-03-23 13:13:00'),
(255, 1, 3, 'keluar', 5, 155, 150, 'TRX-20260323-00094', 'Stok keluar akibat penjualan (seeded)', '2026-03-23 08:39:00'),
(256, 4, 3, 'keluar', 2, 82, 80, 'TRX-20260323-00094', 'Stok keluar akibat penjualan (seeded)', '2026-03-23 08:39:00'),
(257, 11, 3, 'keluar', 2, 102, 100, 'TRX-20260323-00094', 'Stok keluar akibat penjualan (seeded)', '2026-03-23 08:39:00'),
(258, 23, 3, 'keluar', 1, 61, 60, 'TRX-20260323-00094', 'Stok keluar akibat penjualan (seeded)', '2026-03-23 08:39:00'),
(259, 25, 3, 'keluar', 3, 6, 3, 'TRX-20260323-00094', 'Stok keluar akibat penjualan (seeded)', '2026-03-23 08:39:00'),
(260, 12, 3, 'keluar', 4, 84, 80, 'TRX-20260323-00095', 'Stok keluar akibat penjualan (seeded)', '2026-03-23 07:02:00'),
(261, 15, 3, 'keluar', 3, 43, 40, 'TRX-20260323-00095', 'Stok keluar akibat penjualan (seeded)', '2026-03-23 07:02:00'),
(262, 20, 3, 'keluar', 5, 35, 30, 'TRX-20260323-00095', 'Stok keluar akibat penjualan (seeded)', '2026-03-23 07:02:00'),
(263, 25, 3, 'keluar', 5, 8, 3, 'TRX-20260323-00095', 'Stok keluar akibat penjualan (seeded)', '2026-03-23 07:02:00'),
(264, 4, 3, 'keluar', 4, 84, 80, 'TRX-20260323-00096', 'Stok keluar akibat penjualan (seeded)', '2026-03-23 01:07:00'),
(265, 15, 3, 'keluar', 3, 43, 40, 'TRX-20260323-00096', 'Stok keluar akibat penjualan (seeded)', '2026-03-23 01:07:00'),
(266, 30, 3, 'keluar', 4, 54, 50, 'TRX-20260323-00096', 'Stok keluar akibat penjualan (seeded)', '2026-03-23 01:07:00'),
(267, 3, 2, 'keluar', 3, 63, 60, 'TRX-20260323-00097', 'Stok keluar akibat penjualan (seeded)', '2026-03-23 05:34:00'),
(268, 7, 2, 'keluar', 3, 203, 200, 'TRX-20260323-00097', 'Stok keluar akibat penjualan (seeded)', '2026-03-23 05:34:00'),
(269, 15, 2, 'keluar', 2, 42, 40, 'TRX-20260323-00097', 'Stok keluar akibat penjualan (seeded)', '2026-03-23 05:34:00'),
(270, 28, 2, 'keluar', 4, 8, 4, 'TRX-20260323-00097', 'Stok keluar akibat penjualan (seeded)', '2026-03-23 05:34:00'),
(271, 12, 2, 'keluar', 4, 84, 80, 'TRX-20260323-00099', 'Stok keluar akibat penjualan (seeded)', '2026-03-23 09:34:00'),
(272, 17, 2, 'keluar', 3, 28, 25, 'TRX-20260323-00099', 'Stok keluar akibat penjualan (seeded)', '2026-03-23 09:34:00'),
(273, 4, 3, 'keluar', 2, 82, 80, 'TRX-20260323-00100', 'Stok keluar akibat penjualan (seeded)', '2026-03-23 02:38:00'),
(274, 13, 3, 'keluar', 5, 65, 60, 'TRX-20260323-00100', 'Stok keluar akibat penjualan (seeded)', '2026-03-23 02:38:00'),
(275, 17, 3, 'keluar', 1, 26, 25, 'TRX-20260323-00100', 'Stok keluar akibat penjualan (seeded)', '2026-03-23 02:38:00'),
(276, 19, 3, 'keluar', 4, 54, 50, 'TRX-20260323-00100', 'Stok keluar akibat penjualan (seeded)', '2026-03-23 02:38:00'),
(277, 5, 2, 'keluar', 2, 27, 25, 'TRX-20260324-00101', 'Stok keluar akibat penjualan (seeded)', '2026-03-24 10:02:00'),
(278, 8, 2, 'keluar', 2, 74, 72, 'TRX-20260324-00101', 'Stok keluar akibat penjualan (seeded)', '2026-03-24 10:02:00'),
(279, 22, 2, 'keluar', 5, 30, 25, 'TRX-20260324-00101', 'Stok keluar akibat penjualan (seeded)', '2026-03-24 10:02:00'),
(280, 4, 3, 'keluar', 1, 81, 80, 'TRX-20260324-00103', 'Stok keluar akibat penjualan (seeded)', '2026-03-24 12:38:00'),
(281, 18, 3, 'keluar', 4, 39, 35, 'TRX-20260324-00103', 'Stok keluar akibat penjualan (seeded)', '2026-03-24 12:38:00'),
(282, 14, 3, 'keluar', 5, 55, 50, 'TRX-20260324-00104', 'Stok keluar akibat penjualan (seeded)', '2026-03-24 12:04:00'),
(283, 3, 3, 'keluar', 1, 61, 60, 'TRX-20260324-00105', 'Stok keluar akibat penjualan (seeded)', '2026-03-24 09:18:00'),
(284, 3, 3, 'keluar', 4, 64, 60, 'TRX-20260324-00106', 'Stok keluar akibat penjualan (seeded)', '2026-03-24 02:06:00'),
(285, 4, 3, 'keluar', 5, 85, 80, 'TRX-20260324-00106', 'Stok keluar akibat penjualan (seeded)', '2026-03-24 02:06:00'),
(286, 8, 3, 'keluar', 1, 73, 72, 'TRX-20260324-00106', 'Stok keluar akibat penjualan (seeded)', '2026-03-24 02:06:00'),
(287, 19, 3, 'keluar', 2, 52, 50, 'TRX-20260324-00106', 'Stok keluar akibat penjualan (seeded)', '2026-03-24 02:06:00'),
(288, 3, 2, 'keluar', 3, 63, 60, 'TRX-20260324-00107', 'Stok keluar akibat penjualan (seeded)', '2026-03-24 01:40:00'),
(289, 24, 2, 'keluar', 4, 44, 40, 'TRX-20260324-00107', 'Stok keluar akibat penjualan (seeded)', '2026-03-24 01:40:00'),
(290, 29, 2, 'keluar', 3, 23, 20, 'TRX-20260324-00107', 'Stok keluar akibat penjualan (seeded)', '2026-03-24 01:40:00'),
(291, 7, 3, 'keluar', 1, 201, 200, 'TRX-20260324-00108', 'Stok keluar akibat penjualan (seeded)', '2026-03-24 08:55:00'),
(292, 13, 3, 'keluar', 3, 63, 60, 'TRX-20260324-00108', 'Stok keluar akibat penjualan (seeded)', '2026-03-24 08:55:00'),
(293, 10, 2, 'keluar', 4, 40, 36, 'TRX-20260324-00110', 'Stok keluar akibat penjualan (seeded)', '2026-03-24 07:15:00'),
(294, 29, 2, 'keluar', 2, 22, 20, 'TRX-20260324-00110', 'Stok keluar akibat penjualan (seeded)', '2026-03-24 07:15:00'),
(295, 26, 3, 'keluar', 1, 31, 30, 'TRX-20260325-00111', 'Stok keluar akibat penjualan (seeded)', '2026-03-25 08:36:00'),
(296, 6, 3, 'keluar', 2, 122, 120, 'TRX-20260325-00112', 'Stok keluar akibat penjualan (seeded)', '2026-03-25 01:38:00'),
(297, 17, 3, 'keluar', 2, 27, 25, 'TRX-20260325-00112', 'Stok keluar akibat penjualan (seeded)', '2026-03-25 01:38:00'),
(298, 24, 3, 'keluar', 1, 41, 40, 'TRX-20260325-00112', 'Stok keluar akibat penjualan (seeded)', '2026-03-25 01:38:00'),
(299, 1, 2, 'keluar', 3, 153, 150, 'TRX-20260325-00113', 'Stok keluar akibat penjualan (seeded)', '2026-03-25 06:53:00'),
(300, 6, 2, 'keluar', 4, 124, 120, 'TRX-20260325-00113', 'Stok keluar akibat penjualan (seeded)', '2026-03-25 06:53:00'),
(301, 9, 2, 'keluar', 1, 49, 48, 'TRX-20260325-00113', 'Stok keluar akibat penjualan (seeded)', '2026-03-25 06:53:00'),
(302, 16, 2, 'keluar', 1, 31, 30, 'TRX-20260325-00113', 'Stok keluar akibat penjualan (seeded)', '2026-03-25 06:53:00'),
(303, 30, 2, 'keluar', 2, 52, 50, 'TRX-20260325-00113', 'Stok keluar akibat penjualan (seeded)', '2026-03-25 06:53:00'),
(304, 12, 2, 'keluar', 2, 82, 80, 'TRX-20260325-00114', 'Stok keluar akibat penjualan (seeded)', '2026-03-25 09:51:00'),
(305, 26, 2, 'keluar', 4, 34, 30, 'TRX-20260325-00114', 'Stok keluar akibat penjualan (seeded)', '2026-03-25 09:51:00'),
(306, 5, 2, 'keluar', 1, 26, 25, 'TRX-20260325-00115', 'Stok keluar akibat penjualan (seeded)', '2026-03-25 01:26:00'),
(307, 25, 2, 'keluar', 4, 7, 3, 'TRX-20260325-00116', 'Stok keluar akibat penjualan (seeded)', '2026-03-25 09:44:00'),
(308, 1, 3, 'keluar', 2, 152, 150, 'TRX-20260325-00117', 'Stok keluar akibat penjualan (seeded)', '2026-03-25 05:35:00'),
(309, 2, 3, 'keluar', 3, 103, 100, 'TRX-20260325-00117', 'Stok keluar akibat penjualan (seeded)', '2026-03-25 05:35:00'),
(310, 9, 3, 'keluar', 5, 53, 48, 'TRX-20260325-00117', 'Stok keluar akibat penjualan (seeded)', '2026-03-25 05:35:00'),
(311, 15, 3, 'keluar', 2, 42, 40, 'TRX-20260325-00117', 'Stok keluar akibat penjualan (seeded)', '2026-03-25 05:35:00'),
(312, 21, 3, 'keluar', 4, 24, 20, 'TRX-20260325-00117', 'Stok keluar akibat penjualan (seeded)', '2026-03-25 05:35:00'),
(313, 4, 2, 'keluar', 4, 84, 80, 'TRX-20260325-00118', 'Stok keluar akibat penjualan (seeded)', '2026-03-25 09:35:00'),
(314, 8, 2, 'keluar', 1, 73, 72, 'TRX-20260325-00118', 'Stok keluar akibat penjualan (seeded)', '2026-03-25 09:35:00'),
(315, 1, 2, 'keluar', 4, 154, 150, 'TRX-20260325-00119', 'Stok keluar akibat penjualan (seeded)', '2026-03-25 07:47:00'),
(316, 5, 2, 'keluar', 4, 29, 25, 'TRX-20260325-00119', 'Stok keluar akibat penjualan (seeded)', '2026-03-25 07:47:00'),
(317, 1, 2, 'keluar', 5, 155, 150, 'TRX-20260325-00120', 'Stok keluar akibat penjualan (seeded)', '2026-03-25 01:19:00'),
(318, 4, 2, 'keluar', 1, 81, 80, 'TRX-20260325-00120', 'Stok keluar akibat penjualan (seeded)', '2026-03-25 01:19:00'),
(319, 9, 2, 'keluar', 4, 52, 48, 'TRX-20260325-00120', 'Stok keluar akibat penjualan (seeded)', '2026-03-25 01:19:00'),
(320, 15, 2, 'keluar', 2, 42, 40, 'TRX-20260325-00120', 'Stok keluar akibat penjualan (seeded)', '2026-03-25 01:19:00'),
(321, 28, 2, 'keluar', 5, 9, 4, 'TRX-20260325-00120', 'Stok keluar akibat penjualan (seeded)', '2026-03-25 01:19:00'),
(322, 5, 2, 'keluar', 1, 26, 25, 'TRX-20260325-00121', 'Stok keluar akibat penjualan (seeded)', '2026-03-25 11:40:00'),
(323, 7, 2, 'keluar', 3, 203, 200, 'TRX-20260325-00121', 'Stok keluar akibat penjualan (seeded)', '2026-03-25 11:40:00'),
(324, 8, 2, 'keluar', 2, 74, 72, 'TRX-20260325-00121', 'Stok keluar akibat penjualan (seeded)', '2026-03-25 11:40:00'),
(325, 13, 2, 'keluar', 3, 63, 60, 'TRX-20260325-00121', 'Stok keluar akibat penjualan (seeded)', '2026-03-25 11:40:00'),
(326, 26, 2, 'keluar', 4, 34, 30, 'TRX-20260325-00121', 'Stok keluar akibat penjualan (seeded)', '2026-03-25 11:40:00'),
(327, 7, 3, 'keluar', 4, 204, 200, 'TRX-20260325-00122', 'Stok keluar akibat penjualan (seeded)', '2026-03-25 05:54:00'),
(328, 9, 3, 'keluar', 1, 49, 48, 'TRX-20260325-00122', 'Stok keluar akibat penjualan (seeded)', '2026-03-25 05:54:00'),
(329, 15, 3, 'keluar', 5, 45, 40, 'TRX-20260325-00122', 'Stok keluar akibat penjualan (seeded)', '2026-03-25 05:54:00'),
(330, 16, 3, 'keluar', 1, 31, 30, 'TRX-20260325-00122', 'Stok keluar akibat penjualan (seeded)', '2026-03-25 05:54:00'),
(331, 18, 3, 'keluar', 1, 36, 35, 'TRX-20260325-00122', 'Stok keluar akibat penjualan (seeded)', '2026-03-25 05:54:00'),
(332, 7, 3, 'keluar', 2, 202, 200, 'TRX-20260325-00123', 'Stok keluar akibat penjualan (seeded)', '2026-03-25 11:44:00'),
(333, 28, 3, 'keluar', 3, 7, 4, 'TRX-20260325-00123', 'Stok keluar akibat penjualan (seeded)', '2026-03-25 11:44:00'),
(334, 24, 2, 'keluar', 4, 44, 40, 'TRX-20260325-00124', 'Stok keluar akibat penjualan (seeded)', '2026-03-25 08:55:00'),
(335, 3, 2, 'keluar', 1, 61, 60, 'TRX-20260325-00125', 'Stok keluar akibat penjualan (seeded)', '2026-03-25 06:03:00'),
(336, 21, 2, 'keluar', 2, 22, 20, 'TRX-20260325-00125', 'Stok keluar akibat penjualan (seeded)', '2026-03-25 06:03:00'),
(337, 27, 2, 'keluar', 1, 21, 20, 'TRX-20260325-00125', 'Stok keluar akibat penjualan (seeded)', '2026-03-25 06:03:00'),
(338, 28, 2, 'keluar', 2, 6, 4, 'TRX-20260325-00125', 'Stok keluar akibat penjualan (seeded)', '2026-03-25 06:03:00'),
(339, 23, 3, 'keluar', 1, 61, 60, 'TRX-20260326-00126', 'Stok keluar akibat penjualan (seeded)', '2026-03-26 13:19:00'),
(340, 24, 3, 'keluar', 2, 42, 40, 'TRX-20260326-00126', 'Stok keluar akibat penjualan (seeded)', '2026-03-26 13:19:00'),
(341, 25, 3, 'keluar', 5, 8, 3, 'TRX-20260326-00126', 'Stok keluar akibat penjualan (seeded)', '2026-03-26 13:19:00'),
(342, 6, 3, 'keluar', 2, 122, 120, 'TRX-20260326-00127', 'Stok keluar akibat penjualan (seeded)', '2026-03-26 06:18:00'),
(343, 9, 3, 'keluar', 1, 49, 48, 'TRX-20260326-00127', 'Stok keluar akibat penjualan (seeded)', '2026-03-26 06:18:00'),
(344, 14, 3, 'keluar', 3, 53, 50, 'TRX-20260326-00127', 'Stok keluar akibat penjualan (seeded)', '2026-03-26 06:18:00'),
(345, 26, 3, 'keluar', 2, 32, 30, 'TRX-20260326-00127', 'Stok keluar akibat penjualan (seeded)', '2026-03-26 06:18:00'),
(346, 21, 3, 'keluar', 5, 25, 20, 'TRX-20260326-00128', 'Stok keluar akibat penjualan (seeded)', '2026-03-26 09:12:00'),
(347, 24, 3, 'keluar', 1, 41, 40, 'TRX-20260326-00128', 'Stok keluar akibat penjualan (seeded)', '2026-03-26 09:12:00'),
(348, 1, 2, 'keluar', 1, 151, 150, 'TRX-20260326-00129', 'Stok keluar akibat penjualan (seeded)', '2026-03-26 01:36:00'),
(349, 2, 2, 'keluar', 3, 103, 100, 'TRX-20260326-00129', 'Stok keluar akibat penjualan (seeded)', '2026-03-26 01:36:00'),
(350, 20, 2, 'keluar', 4, 34, 30, 'TRX-20260326-00129', 'Stok keluar akibat penjualan (seeded)', '2026-03-26 01:36:00'),
(351, 29, 2, 'keluar', 4, 24, 20, 'TRX-20260326-00129', 'Stok keluar akibat penjualan (seeded)', '2026-03-26 01:36:00'),
(352, 10, 3, 'keluar', 4, 40, 36, 'TRX-20260326-00130', 'Stok keluar akibat penjualan (seeded)', '2026-03-26 06:07:00'),
(353, 17, 3, 'keluar', 5, 30, 25, 'TRX-20260326-00130', 'Stok keluar akibat penjualan (seeded)', '2026-03-26 06:07:00'),
(354, 10, 2, 'keluar', 1, 37, 36, 'TRX-20260326-00131', 'Stok keluar akibat penjualan (seeded)', '2026-03-26 11:20:00'),
(355, 12, 2, 'keluar', 1, 81, 80, 'TRX-20260326-00131', 'Stok keluar akibat penjualan (seeded)', '2026-03-26 11:20:00'),
(356, 28, 2, 'keluar', 1, 5, 4, 'TRX-20260326-00131', 'Stok keluar akibat penjualan (seeded)', '2026-03-26 11:20:00'),
(357, 10, 3, 'keluar', 2, 38, 36, 'TRX-20260326-00132', 'Stok keluar akibat penjualan (seeded)', '2026-03-26 10:22:00'),
(358, 15, 3, 'keluar', 1, 41, 40, 'TRX-20260326-00132', 'Stok keluar akibat penjualan (seeded)', '2026-03-26 10:22:00'),
(359, 16, 3, 'keluar', 1, 31, 30, 'TRX-20260326-00132', 'Stok keluar akibat penjualan (seeded)', '2026-03-26 10:22:00'),
(360, 20, 3, 'keluar', 2, 32, 30, 'TRX-20260326-00132', 'Stok keluar akibat penjualan (seeded)', '2026-03-26 10:22:00'),
(361, 18, 3, 'keluar', 3, 38, 35, 'TRX-20260326-00133', 'Stok keluar akibat penjualan (seeded)', '2026-03-26 02:11:00'),
(362, 21, 3, 'keluar', 2, 22, 20, 'TRX-20260326-00133', 'Stok keluar akibat penjualan (seeded)', '2026-03-26 02:11:00'),
(363, 22, 3, 'keluar', 5, 30, 25, 'TRX-20260326-00133', 'Stok keluar akibat penjualan (seeded)', '2026-03-26 02:11:00'),
(364, 1, 2, 'keluar', 2, 152, 150, 'TRX-20260326-00134', 'Stok keluar akibat penjualan (seeded)', '2026-03-26 03:36:00'),
(365, 17, 2, 'keluar', 5, 30, 25, 'TRX-20260326-00134', 'Stok keluar akibat penjualan (seeded)', '2026-03-26 03:36:00'),
(366, 26, 2, 'keluar', 1, 31, 30, 'TRX-20260326-00134', 'Stok keluar akibat penjualan (seeded)', '2026-03-26 03:36:00'),
(367, 3, 2, 'keluar', 2, 62, 60, 'TRX-20260327-00135', 'Stok keluar akibat penjualan (seeded)', '2026-03-27 06:33:00'),
(368, 4, 2, 'keluar', 3, 83, 80, 'TRX-20260327-00135', 'Stok keluar akibat penjualan (seeded)', '2026-03-27 06:33:00'),
(369, 8, 2, 'keluar', 3, 75, 72, 'TRX-20260327-00135', 'Stok keluar akibat penjualan (seeded)', '2026-03-27 06:33:00'),
(370, 22, 2, 'keluar', 3, 28, 25, 'TRX-20260327-00135', 'Stok keluar akibat penjualan (seeded)', '2026-03-27 06:33:00'),
(371, 28, 2, 'keluar', 2, 6, 4, 'TRX-20260327-00135', 'Stok keluar akibat penjualan (seeded)', '2026-03-27 06:33:00'),
(372, 3, 3, 'keluar', 1, 61, 60, 'TRX-20260327-00137', 'Stok keluar akibat penjualan (seeded)', '2026-03-27 06:32:00'),
(373, 5, 3, 'keluar', 2, 27, 25, 'TRX-20260327-00137', 'Stok keluar akibat penjualan (seeded)', '2026-03-27 06:32:00'),
(374, 11, 3, 'keluar', 5, 105, 100, 'TRX-20260327-00137', 'Stok keluar akibat penjualan (seeded)', '2026-03-27 06:32:00'),
(375, 16, 3, 'keluar', 3, 33, 30, 'TRX-20260327-00137', 'Stok keluar akibat penjualan (seeded)', '2026-03-27 06:32:00'),
(376, 17, 3, 'keluar', 3, 28, 25, 'TRX-20260327-00138', 'Stok keluar akibat penjualan (seeded)', '2026-03-27 13:18:00'),
(377, 1, 3, 'keluar', 5, 155, 150, 'TRX-20260327-00139', 'Stok keluar akibat penjualan (seeded)', '2026-03-27 08:32:00'),
(378, 5, 3, 'keluar', 1, 26, 25, 'TRX-20260327-00139', 'Stok keluar akibat penjualan (seeded)', '2026-03-27 08:32:00'),
(379, 9, 3, 'keluar', 2, 50, 48, 'TRX-20260327-00139', 'Stok keluar akibat penjualan (seeded)', '2026-03-27 08:32:00'),
(380, 18, 3, 'keluar', 3, 38, 35, 'TRX-20260327-00139', 'Stok keluar akibat penjualan (seeded)', '2026-03-27 08:32:00'),
(381, 20, 3, 'keluar', 5, 35, 30, 'TRX-20260327-00139', 'Stok keluar akibat penjualan (seeded)', '2026-03-27 08:32:00'),
(382, 1, 3, 'keluar', 1, 151, 150, 'TRX-20260327-00140', 'Stok keluar akibat penjualan (seeded)', '2026-03-27 03:20:00'),
(383, 1, 3, 'keluar', 4, 154, 150, 'TRX-20260327-00141', 'Stok keluar akibat penjualan (seeded)', '2026-03-27 06:43:00'),
(384, 19, 3, 'keluar', 5, 55, 50, 'TRX-20260327-00141', 'Stok keluar akibat penjualan (seeded)', '2026-03-27 06:43:00'),
(385, 30, 3, 'keluar', 2, 52, 50, 'TRX-20260327-00141', 'Stok keluar akibat penjualan (seeded)', '2026-03-27 06:43:00'),
(386, 5, 3, 'keluar', 3, 28, 25, 'TRX-20260327-00142', 'Stok keluar akibat penjualan (seeded)', '2026-03-27 11:00:00'),
(387, 7, 3, 'keluar', 4, 204, 200, 'TRX-20260327-00142', 'Stok keluar akibat penjualan (seeded)', '2026-03-27 11:00:00'),
(388, 15, 3, 'keluar', 2, 42, 40, 'TRX-20260327-00142', 'Stok keluar akibat penjualan (seeded)', '2026-03-27 11:00:00'),
(389, 22, 3, 'keluar', 4, 29, 25, 'TRX-20260327-00142', 'Stok keluar akibat penjualan (seeded)', '2026-03-27 11:00:00'),
(390, 5, 3, 'keluar', 2, 27, 25, 'TRX-20260327-00143', 'Stok keluar akibat penjualan (seeded)', '2026-03-27 09:22:00'),
(391, 6, 3, 'keluar', 3, 123, 120, 'TRX-20260327-00143', 'Stok keluar akibat penjualan (seeded)', '2026-03-27 09:22:00'),
(392, 8, 3, 'keluar', 2, 74, 72, 'TRX-20260327-00143', 'Stok keluar akibat penjualan (seeded)', '2026-03-27 09:22:00'),
(393, 14, 3, 'keluar', 4, 54, 50, 'TRX-20260327-00143', 'Stok keluar akibat penjualan (seeded)', '2026-03-27 09:22:00'),
(394, 26, 3, 'keluar', 2, 32, 30, 'TRX-20260327-00143', 'Stok keluar akibat penjualan (seeded)', '2026-03-27 09:22:00'),
(395, 17, 2, 'keluar', 1, 26, 25, 'TRX-20260327-00144', 'Stok keluar akibat penjualan (seeded)', '2026-03-27 07:44:00'),
(396, 20, 2, 'keluar', 1, 31, 30, 'TRX-20260327-00144', 'Stok keluar akibat penjualan (seeded)', '2026-03-27 07:44:00'),
(397, 28, 2, 'keluar', 4, 8, 4, 'TRX-20260327-00144', 'Stok keluar akibat penjualan (seeded)', '2026-03-27 07:44:00'),
(398, 15, 3, 'keluar', 3, 43, 40, 'TRX-20260327-00145', 'Stok keluar akibat penjualan (seeded)', '2026-03-27 03:33:00'),
(399, 25, 3, 'keluar', 4, 7, 3, 'TRX-20260327-00145', 'Stok keluar akibat penjualan (seeded)', '2026-03-27 03:33:00'),
(400, 5, 3, 'keluar', 3, 28, 25, 'TRX-20260327-00146', 'Stok keluar akibat penjualan (seeded)', '2026-03-27 02:40:00'),
(401, 2, 3, 'keluar', 2, 102, 100, 'TRX-20260328-00147', 'Stok keluar akibat penjualan (seeded)', '2026-03-28 05:37:00'),
(402, 18, 3, 'keluar', 3, 38, 35, 'TRX-20260328-00147', 'Stok keluar akibat penjualan (seeded)', '2026-03-28 05:37:00'),
(403, 25, 3, 'keluar', 2, 5, 3, 'TRX-20260328-00147', 'Stok keluar akibat penjualan (seeded)', '2026-03-28 05:37:00'),
(404, 7, 3, 'keluar', 3, 203, 200, 'TRX-20260328-00148', 'Stok keluar akibat penjualan (seeded)', '2026-03-28 11:41:00'),
(405, 15, 3, 'keluar', 3, 43, 40, 'TRX-20260328-00148', 'Stok keluar akibat penjualan (seeded)', '2026-03-28 11:41:00'),
(406, 16, 3, 'keluar', 1, 31, 30, 'TRX-20260328-00148', 'Stok keluar akibat penjualan (seeded)', '2026-03-28 11:41:00'),
(407, 14, 3, 'keluar', 5, 55, 50, 'TRX-20260328-00149', 'Stok keluar akibat penjualan (seeded)', '2026-03-28 01:43:00'),
(408, 2, 3, 'keluar', 4, 104, 100, 'TRX-20260328-00150', 'Stok keluar akibat penjualan (seeded)', '2026-03-28 06:26:00'),
(409, 17, 3, 'keluar', 4, 29, 25, 'TRX-20260328-00150', 'Stok keluar akibat penjualan (seeded)', '2026-03-28 06:26:00'),
(410, 18, 3, 'keluar', 5, 40, 35, 'TRX-20260328-00150', 'Stok keluar akibat penjualan (seeded)', '2026-03-28 06:26:00'),
(411, 25, 3, 'keluar', 4, 7, 3, 'TRX-20260328-00150', 'Stok keluar akibat penjualan (seeded)', '2026-03-28 06:26:00'),
(412, 10, 3, 'keluar', 3, 39, 36, 'TRX-20260328-00151', 'Stok keluar akibat penjualan (seeded)', '2026-03-28 01:15:00'),
(413, 13, 3, 'keluar', 2, 62, 60, 'TRX-20260328-00151', 'Stok keluar akibat penjualan (seeded)', '2026-03-28 01:15:00'),
(414, 18, 3, 'keluar', 1, 36, 35, 'TRX-20260328-00151', 'Stok keluar akibat penjualan (seeded)', '2026-03-28 01:15:00'),
(415, 21, 3, 'keluar', 4, 24, 20, 'TRX-20260328-00151', 'Stok keluar akibat penjualan (seeded)', '2026-03-28 01:15:00'),
(416, 23, 3, 'keluar', 3, 63, 60, 'TRX-20260328-00151', 'Stok keluar akibat penjualan (seeded)', '2026-03-28 01:15:00'),
(417, 10, 2, 'keluar', 5, 41, 36, 'TRX-20260329-00153', 'Stok keluar akibat penjualan (seeded)', '2026-03-29 12:27:00'),
(418, 2, 2, 'keluar', 5, 105, 100, 'TRX-20260329-00155', 'Stok keluar akibat penjualan (seeded)', '2026-03-29 04:42:00'),
(419, 4, 2, 'keluar', 2, 82, 80, 'TRX-20260329-00155', 'Stok keluar akibat penjualan (seeded)', '2026-03-29 04:42:00'),
(420, 7, 2, 'keluar', 1, 201, 200, 'TRX-20260329-00155', 'Stok keluar akibat penjualan (seeded)', '2026-03-29 04:42:00');
INSERT INTO `stok_movements` (`movement_id`, `produk_id`, `user_id`, `tipe`, `jumlah`, `stok_sebelum`, `stok_sesudah`, `referensi`, `keterangan`, `created_at`) VALUES
(421, 17, 2, 'keluar', 3, 28, 25, 'TRX-20260329-00155', 'Stok keluar akibat penjualan (seeded)', '2026-03-29 04:42:00'),
(422, 26, 2, 'keluar', 2, 32, 30, 'TRX-20260329-00155', 'Stok keluar akibat penjualan (seeded)', '2026-03-29 04:42:00'),
(423, 3, 2, 'keluar', 4, 64, 60, 'TRX-20260329-00156', 'Stok keluar akibat penjualan (seeded)', '2026-03-29 08:27:00'),
(424, 15, 2, 'keluar', 2, 42, 40, 'TRX-20260329-00156', 'Stok keluar akibat penjualan (seeded)', '2026-03-29 08:27:00'),
(425, 25, 2, 'keluar', 2, 5, 3, 'TRX-20260329-00156', 'Stok keluar akibat penjualan (seeded)', '2026-03-29 08:27:00'),
(426, 26, 2, 'keluar', 2, 32, 30, 'TRX-20260329-00156', 'Stok keluar akibat penjualan (seeded)', '2026-03-29 08:27:00'),
(427, 9, 3, 'keluar', 4, 52, 48, 'TRX-20260329-00157', 'Stok keluar akibat penjualan (seeded)', '2026-03-29 04:46:00'),
(428, 11, 3, 'keluar', 2, 102, 100, 'TRX-20260329-00157', 'Stok keluar akibat penjualan (seeded)', '2026-03-29 04:46:00'),
(429, 20, 3, 'keluar', 3, 33, 30, 'TRX-20260329-00157', 'Stok keluar akibat penjualan (seeded)', '2026-03-29 04:46:00'),
(430, 22, 3, 'keluar', 4, 29, 25, 'TRX-20260329-00157', 'Stok keluar akibat penjualan (seeded)', '2026-03-29 04:46:00'),
(431, 24, 2, 'keluar', 1, 41, 40, 'TRX-20260329-00158', 'Stok keluar akibat penjualan (seeded)', '2026-03-29 12:52:00'),
(432, 29, 2, 'keluar', 4, 24, 20, 'TRX-20260329-00158', 'Stok keluar akibat penjualan (seeded)', '2026-03-29 12:52:00'),
(433, 9, 3, 'keluar', 1, 49, 48, 'TRX-20260329-00159', 'Stok keluar akibat penjualan (seeded)', '2026-03-29 06:22:00'),
(434, 17, 3, 'keluar', 2, 27, 25, 'TRX-20260329-00159', 'Stok keluar akibat penjualan (seeded)', '2026-03-29 06:22:00'),
(435, 20, 3, 'keluar', 3, 33, 30, 'TRX-20260329-00159', 'Stok keluar akibat penjualan (seeded)', '2026-03-29 06:22:00'),
(436, 9, 2, 'keluar', 1, 49, 48, 'TRX-20260329-00160', 'Stok keluar akibat penjualan (seeded)', '2026-03-29 09:03:00'),
(437, 20, 2, 'keluar', 3, 33, 30, 'TRX-20260329-00160', 'Stok keluar akibat penjualan (seeded)', '2026-03-29 09:03:00'),
(438, 24, 2, 'keluar', 1, 41, 40, 'TRX-20260329-00160', 'Stok keluar akibat penjualan (seeded)', '2026-03-29 09:03:00'),
(439, 30, 2, 'keluar', 1, 51, 50, 'TRX-20260329-00160', 'Stok keluar akibat penjualan (seeded)', '2026-03-29 09:03:00'),
(440, 6, 2, 'keluar', 5, 125, 120, 'TRX-20260329-00161', 'Stok keluar akibat penjualan (seeded)', '2026-03-29 05:38:00'),
(441, 8, 2, 'keluar', 2, 74, 72, 'TRX-20260329-00162', 'Stok keluar akibat penjualan (seeded)', '2026-03-29 09:27:00'),
(442, 15, 2, 'keluar', 1, 41, 40, 'TRX-20260329-00162', 'Stok keluar akibat penjualan (seeded)', '2026-03-29 09:27:00'),
(443, 22, 2, 'keluar', 4, 29, 25, 'TRX-20260329-00162', 'Stok keluar akibat penjualan (seeded)', '2026-03-29 09:27:00'),
(444, 23, 2, 'keluar', 5, 65, 60, 'TRX-20260329-00162', 'Stok keluar akibat penjualan (seeded)', '2026-03-29 09:27:00'),
(445, 25, 2, 'keluar', 5, 8, 3, 'TRX-20260329-00162', 'Stok keluar akibat penjualan (seeded)', '2026-03-29 09:27:00'),
(446, 7, 2, 'keluar', 2, 202, 200, 'TRX-20260329-00163', 'Stok keluar akibat penjualan (seeded)', '2026-03-29 08:17:00'),
(447, 23, 2, 'keluar', 1, 61, 60, 'TRX-20260329-00163', 'Stok keluar akibat penjualan (seeded)', '2026-03-29 08:17:00'),
(448, 28, 2, 'keluar', 2, 6, 4, 'TRX-20260329-00163', 'Stok keluar akibat penjualan (seeded)', '2026-03-29 08:17:00'),
(449, 29, 2, 'keluar', 2, 22, 20, 'TRX-20260329-00163', 'Stok keluar akibat penjualan (seeded)', '2026-03-29 08:17:00'),
(450, 27, 3, 'keluar', 1, 21, 20, 'TRX-20260329-00164', 'Stok keluar akibat penjualan (seeded)', '2026-03-29 02:16:00'),
(451, 28, 3, 'keluar', 2, 6, 4, 'TRX-20260329-00164', 'Stok keluar akibat penjualan (seeded)', '2026-03-29 02:16:00'),
(452, 4, 2, 'keluar', 4, 84, 80, 'TRX-20260329-00165', 'Stok keluar akibat penjualan (seeded)', '2026-03-29 11:32:00'),
(453, 18, 2, 'keluar', 1, 36, 35, 'TRX-20260329-00165', 'Stok keluar akibat penjualan (seeded)', '2026-03-29 11:32:00'),
(454, 19, 2, 'keluar', 5, 55, 50, 'TRX-20260329-00165', 'Stok keluar akibat penjualan (seeded)', '2026-03-29 11:32:00'),
(455, 22, 2, 'keluar', 2, 27, 25, 'TRX-20260329-00165', 'Stok keluar akibat penjualan (seeded)', '2026-03-29 11:32:00'),
(456, 29, 2, 'keluar', 1, 21, 20, 'TRX-20260329-00165', 'Stok keluar akibat penjualan (seeded)', '2026-03-29 11:32:00'),
(457, 1, 2, 'keluar', 2, 152, 150, 'TRX-20260330-00166', 'Stok keluar akibat penjualan (seeded)', '2026-03-30 07:08:00'),
(458, 2, 2, 'keluar', 5, 105, 100, 'TRX-20260330-00166', 'Stok keluar akibat penjualan (seeded)', '2026-03-30 07:08:00'),
(459, 14, 2, 'keluar', 1, 51, 50, 'TRX-20260330-00166', 'Stok keluar akibat penjualan (seeded)', '2026-03-30 07:08:00'),
(460, 24, 2, 'keluar', 1, 41, 40, 'TRX-20260330-00166', 'Stok keluar akibat penjualan (seeded)', '2026-03-30 07:08:00'),
(461, 27, 2, 'keluar', 3, 23, 20, 'TRX-20260330-00166', 'Stok keluar akibat penjualan (seeded)', '2026-03-30 07:08:00'),
(462, 3, 3, 'keluar', 4, 64, 60, 'TRX-20260330-00167', 'Stok keluar akibat penjualan (seeded)', '2026-03-30 10:13:00'),
(463, 14, 3, 'keluar', 3, 53, 50, 'TRX-20260330-00167', 'Stok keluar akibat penjualan (seeded)', '2026-03-30 10:13:00'),
(464, 25, 3, 'keluar', 1, 4, 3, 'TRX-20260330-00167', 'Stok keluar akibat penjualan (seeded)', '2026-03-30 10:13:00'),
(465, 29, 3, 'keluar', 2, 22, 20, 'TRX-20260330-00167', 'Stok keluar akibat penjualan (seeded)', '2026-03-30 10:13:00'),
(466, 14, 2, 'keluar', 3, 53, 50, 'TRX-20260330-00168', 'Stok keluar akibat penjualan (seeded)', '2026-03-30 11:44:00'),
(467, 9, 2, 'keluar', 3, 51, 48, 'TRX-20260330-00169', 'Stok keluar akibat penjualan (seeded)', '2026-03-30 07:40:00'),
(468, 6, 3, 'keluar', 4, 124, 120, 'TRX-20260330-00170', 'Stok keluar akibat penjualan (seeded)', '2026-03-30 04:02:00'),
(469, 13, 3, 'keluar', 4, 64, 60, 'TRX-20260330-00170', 'Stok keluar akibat penjualan (seeded)', '2026-03-30 04:02:00'),
(470, 14, 3, 'keluar', 5, 55, 50, 'TRX-20260330-00170', 'Stok keluar akibat penjualan (seeded)', '2026-03-30 04:02:00'),
(471, 25, 3, 'keluar', 2, 5, 3, 'TRX-20260330-00170', 'Stok keluar akibat penjualan (seeded)', '2026-03-30 04:02:00'),
(472, 27, 3, 'keluar', 2, 22, 20, 'TRX-20260330-00170', 'Stok keluar akibat penjualan (seeded)', '2026-03-30 04:02:00'),
(473, 11, 2, 'keluar', 2, 102, 100, 'TRX-20260330-00172', 'Stok keluar akibat penjualan (seeded)', '2026-03-30 08:48:00'),
(474, 22, 2, 'keluar', 5, 30, 25, 'TRX-20260330-00172', 'Stok keluar akibat penjualan (seeded)', '2026-03-30 08:48:00'),
(475, 29, 2, 'keluar', 5, 25, 20, 'TRX-20260330-00172', 'Stok keluar akibat penjualan (seeded)', '2026-03-30 08:48:00'),
(476, 1, 2, 'keluar', 1, 151, 150, 'TRX-20260330-00173', 'Stok keluar akibat penjualan (seeded)', '2026-03-30 12:34:00'),
(477, 13, 2, 'keluar', 3, 63, 60, 'TRX-20260330-00173', 'Stok keluar akibat penjualan (seeded)', '2026-03-30 12:34:00'),
(478, 21, 2, 'keluar', 5, 25, 20, 'TRX-20260330-00173', 'Stok keluar akibat penjualan (seeded)', '2026-03-30 12:34:00'),
(479, 20, 3, 'keluar', 2, 32, 30, 'TRX-20260331-00174', 'Stok keluar akibat penjualan (seeded)', '2026-03-31 13:31:00'),
(480, 23, 3, 'keluar', 5, 65, 60, 'TRX-20260331-00174', 'Stok keluar akibat penjualan (seeded)', '2026-03-31 13:31:00'),
(481, 30, 3, 'keluar', 2, 52, 50, 'TRX-20260331-00174', 'Stok keluar akibat penjualan (seeded)', '2026-03-31 13:31:00'),
(482, 1, 2, 'keluar', 5, 155, 150, 'TRX-20260331-00175', 'Stok keluar akibat penjualan (seeded)', '2026-03-31 10:06:00'),
(483, 4, 2, 'keluar', 4, 84, 80, 'TRX-20260331-00175', 'Stok keluar akibat penjualan (seeded)', '2026-03-31 10:06:00'),
(484, 16, 2, 'keluar', 2, 32, 30, 'TRX-20260331-00175', 'Stok keluar akibat penjualan (seeded)', '2026-03-31 10:06:00'),
(485, 21, 2, 'keluar', 3, 23, 20, 'TRX-20260331-00175', 'Stok keluar akibat penjualan (seeded)', '2026-03-31 10:06:00'),
(486, 28, 2, 'keluar', 2, 6, 4, 'TRX-20260331-00175', 'Stok keluar akibat penjualan (seeded)', '2026-03-31 10:06:00'),
(487, 1, 2, 'keluar', 4, 154, 150, 'TRX-20260331-00176', 'Stok keluar akibat penjualan (seeded)', '2026-03-31 10:32:00'),
(488, 8, 2, 'keluar', 4, 76, 72, 'TRX-20260331-00176', 'Stok keluar akibat penjualan (seeded)', '2026-03-31 10:32:00'),
(489, 16, 2, 'keluar', 1, 31, 30, 'TRX-20260331-00176', 'Stok keluar akibat penjualan (seeded)', '2026-03-31 10:32:00'),
(490, 17, 2, 'keluar', 2, 27, 25, 'TRX-20260331-00176', 'Stok keluar akibat penjualan (seeded)', '2026-03-31 10:32:00'),
(491, 26, 2, 'keluar', 2, 32, 30, 'TRX-20260331-00176', 'Stok keluar akibat penjualan (seeded)', '2026-03-31 10:32:00'),
(492, 28, 2, 'keluar', 2, 6, 4, 'TRX-20260331-00177', 'Stok keluar akibat penjualan (seeded)', '2026-03-31 01:31:00'),
(493, 29, 2, 'keluar', 3, 23, 20, 'TRX-20260331-00177', 'Stok keluar akibat penjualan (seeded)', '2026-03-31 01:31:00'),
(494, 30, 2, 'keluar', 3, 53, 50, 'TRX-20260331-00177', 'Stok keluar akibat penjualan (seeded)', '2026-03-31 01:31:00'),
(495, 16, 2, 'keluar', 4, 34, 30, 'TRX-20260331-00178', 'Stok keluar akibat penjualan (seeded)', '2026-03-31 11:47:00'),
(496, 18, 2, 'keluar', 3, 38, 35, 'TRX-20260331-00178', 'Stok keluar akibat penjualan (seeded)', '2026-03-31 11:47:00'),
(497, 4, 2, 'keluar', 4, 84, 80, 'TRX-20260331-00179', 'Stok keluar akibat penjualan (seeded)', '2026-03-31 05:31:00'),
(498, 5, 2, 'keluar', 4, 29, 25, 'TRX-20260331-00179', 'Stok keluar akibat penjualan (seeded)', '2026-03-31 05:31:00'),
(499, 19, 2, 'keluar', 4, 54, 50, 'TRX-20260331-00179', 'Stok keluar akibat penjualan (seeded)', '2026-03-31 05:31:00'),
(500, 29, 2, 'keluar', 3, 23, 20, 'TRX-20260331-00179', 'Stok keluar akibat penjualan (seeded)', '2026-03-31 05:31:00'),
(501, 2, 3, 'keluar', 4, 104, 100, 'TRX-20260331-00180', 'Stok keluar akibat penjualan (seeded)', '2026-03-31 03:20:00'),
(502, 4, 3, 'keluar', 2, 82, 80, 'TRX-20260331-00180', 'Stok keluar akibat penjualan (seeded)', '2026-03-31 03:20:00'),
(503, 7, 3, 'keluar', 2, 202, 200, 'TRX-20260331-00180', 'Stok keluar akibat penjualan (seeded)', '2026-03-31 03:20:00'),
(504, 10, 3, 'keluar', 2, 38, 36, 'TRX-20260331-00180', 'Stok keluar akibat penjualan (seeded)', '2026-03-31 03:20:00'),
(505, 22, 2, 'keluar', 1, 26, 25, 'TRX-20260331-00181', 'Stok keluar akibat penjualan (seeded)', '2026-03-31 09:06:00'),
(506, 8, 3, 'keluar', 1, 73, 72, 'TRX-20260331-00182', 'Stok keluar akibat penjualan (seeded)', '2026-03-31 02:18:00'),
(507, 10, 3, 'keluar', 4, 40, 36, 'TRX-20260331-00182', 'Stok keluar akibat penjualan (seeded)', '2026-03-31 02:18:00'),
(508, 14, 3, 'keluar', 3, 53, 50, 'TRX-20260331-00182', 'Stok keluar akibat penjualan (seeded)', '2026-03-31 02:18:00'),
(509, 17, 3, 'keluar', 2, 27, 25, 'TRX-20260331-00182', 'Stok keluar akibat penjualan (seeded)', '2026-03-31 02:18:00'),
(510, 23, 3, 'keluar', 5, 65, 60, 'TRX-20260331-00182', 'Stok keluar akibat penjualan (seeded)', '2026-03-31 02:18:00'),
(511, 12, 2, 'keluar', 5, 85, 80, 'TRX-20260331-00183', 'Stok keluar akibat penjualan (seeded)', '2026-03-31 13:21:00'),
(512, 19, 2, 'keluar', 1, 51, 50, 'TRX-20260331-00183', 'Stok keluar akibat penjualan (seeded)', '2026-03-31 13:21:00'),
(513, 30, 2, 'keluar', 3, 53, 50, 'TRX-20260331-00183', 'Stok keluar akibat penjualan (seeded)', '2026-03-31 13:21:00'),
(514, 8, 2, 'keluar', 2, 74, 72, 'TRX-20260331-00184', 'Stok keluar akibat penjualan (seeded)', '2026-03-31 11:25:00'),
(515, 9, 2, 'keluar', 3, 51, 48, 'TRX-20260331-00185', 'Stok keluar akibat penjualan (seeded)', '2026-03-31 13:37:00'),
(516, 3, 2, 'keluar', 2, 62, 60, 'TRX-20260331-00186', 'Stok keluar akibat penjualan (seeded)', '2026-03-31 11:27:00'),
(517, 4, 2, 'keluar', 1, 81, 80, 'TRX-20260331-00186', 'Stok keluar akibat penjualan (seeded)', '2026-03-31 11:27:00'),
(518, 21, 2, 'keluar', 2, 22, 20, 'TRX-20260331-00186', 'Stok keluar akibat penjualan (seeded)', '2026-03-31 11:27:00'),
(519, 23, 2, 'keluar', 4, 64, 60, 'TRX-20260331-00186', 'Stok keluar akibat penjualan (seeded)', '2026-03-31 11:27:00'),
(520, 1, 3, 'keluar', 1, 151, 150, 'TRX-20260331-00187', 'Stok keluar akibat penjualan (seeded)', '2026-03-31 01:22:00'),
(521, 6, 3, 'keluar', 4, 124, 120, 'TRX-20260331-00187', 'Stok keluar akibat penjualan (seeded)', '2026-03-31 01:22:00'),
(522, 11, 3, 'keluar', 1, 101, 100, 'TRX-20260331-00187', 'Stok keluar akibat penjualan (seeded)', '2026-03-31 01:22:00'),
(523, 16, 3, 'keluar', 5, 35, 30, 'TRX-20260331-00187', 'Stok keluar akibat penjualan (seeded)', '2026-03-31 01:22:00'),
(524, 25, 3, 'keluar', 5, 8, 3, 'TRX-20260331-00187', 'Stok keluar akibat penjualan (seeded)', '2026-03-31 01:22:00'),
(525, 2, 2, 'keluar', 4, 104, 100, 'TRX-20260331-00188', 'Stok keluar akibat penjualan (seeded)', '2026-03-31 11:56:00'),
(526, 6, 2, 'keluar', 5, 125, 120, 'TRX-20260331-00188', 'Stok keluar akibat penjualan (seeded)', '2026-03-31 11:56:00'),
(527, 12, 2, 'keluar', 3, 83, 80, 'TRX-20260331-00188', 'Stok keluar akibat penjualan (seeded)', '2026-03-31 11:56:00'),
(528, 14, 2, 'keluar', 1, 51, 50, 'TRX-20260331-00188', 'Stok keluar akibat penjualan (seeded)', '2026-03-31 11:56:00'),
(529, 28, 2, 'keluar', 3, 7, 4, 'TRX-20260331-00188', 'Stok keluar akibat penjualan (seeded)', '2026-03-31 11:56:00'),
(530, 11, 3, 'keluar', 1, 101, 100, 'TRX-20260401-00189', 'Stok keluar akibat penjualan (seeded)', '2026-04-01 02:56:00'),
(531, 20, 3, 'keluar', 2, 32, 30, 'TRX-20260401-00189', 'Stok keluar akibat penjualan (seeded)', '2026-04-01 02:56:00'),
(532, 24, 3, 'keluar', 4, 44, 40, 'TRX-20260401-00189', 'Stok keluar akibat penjualan (seeded)', '2026-04-01 02:56:00'),
(533, 30, 2, 'keluar', 1, 51, 50, 'TRX-20260401-00190', 'Stok keluar akibat penjualan (seeded)', '2026-04-01 04:06:00'),
(534, 4, 2, 'keluar', 5, 85, 80, 'TRX-20260401-00191', 'Stok keluar akibat penjualan (seeded)', '2026-04-01 08:37:00'),
(535, 10, 2, 'keluar', 3, 39, 36, 'TRX-20260401-00191', 'Stok keluar akibat penjualan (seeded)', '2026-04-01 08:37:00'),
(536, 19, 2, 'keluar', 4, 54, 50, 'TRX-20260401-00192', 'Stok keluar akibat penjualan (seeded)', '2026-04-01 08:37:00'),
(537, 28, 2, 'keluar', 2, 6, 4, 'TRX-20260401-00192', 'Stok keluar akibat penjualan (seeded)', '2026-04-01 08:37:00'),
(538, 1, 2, 'keluar', 5, 155, 150, 'TRX-20260401-00193', 'Stok keluar akibat penjualan (seeded)', '2026-04-01 03:17:00'),
(539, 11, 2, 'keluar', 2, 102, 100, 'TRX-20260401-00193', 'Stok keluar akibat penjualan (seeded)', '2026-04-01 03:17:00'),
(540, 8, 3, 'keluar', 5, 77, 72, 'TRX-20260401-00194', 'Stok keluar akibat penjualan (seeded)', '2026-04-01 01:37:00'),
(541, 19, 3, 'keluar', 3, 53, 50, 'TRX-20260401-00194', 'Stok keluar akibat penjualan (seeded)', '2026-04-01 01:37:00'),
(542, 23, 3, 'keluar', 4, 64, 60, 'TRX-20260401-00194', 'Stok keluar akibat penjualan (seeded)', '2026-04-01 01:37:00'),
(543, 7, 3, 'keluar', 5, 205, 200, 'TRX-20260402-00195', 'Stok keluar akibat penjualan (seeded)', '2026-04-02 12:10:00'),
(544, 12, 3, 'keluar', 4, 84, 80, 'TRX-20260402-00195', 'Stok keluar akibat penjualan (seeded)', '2026-04-02 12:10:00'),
(545, 16, 3, 'keluar', 3, 33, 30, 'TRX-20260402-00195', 'Stok keluar akibat penjualan (seeded)', '2026-04-02 12:10:00'),
(546, 25, 3, 'keluar', 3, 6, 3, 'TRX-20260402-00195', 'Stok keluar akibat penjualan (seeded)', '2026-04-02 12:10:00'),
(547, 1, 2, 'keluar', 2, 152, 150, 'TRX-20260402-00196', 'Stok keluar akibat penjualan (seeded)', '2026-04-02 10:20:00'),
(548, 10, 2, 'keluar', 2, 38, 36, 'TRX-20260402-00196', 'Stok keluar akibat penjualan (seeded)', '2026-04-02 10:20:00'),
(549, 15, 2, 'keluar', 4, 44, 40, 'TRX-20260402-00196', 'Stok keluar akibat penjualan (seeded)', '2026-04-02 10:20:00'),
(550, 16, 2, 'keluar', 5, 35, 30, 'TRX-20260402-00196', 'Stok keluar akibat penjualan (seeded)', '2026-04-02 10:20:00'),
(551, 5, 2, 'keluar', 5, 30, 25, 'TRX-20260402-00197', 'Stok keluar akibat penjualan (seeded)', '2026-04-02 03:29:00'),
(552, 8, 2, 'keluar', 4, 76, 72, 'TRX-20260402-00197', 'Stok keluar akibat penjualan (seeded)', '2026-04-02 03:29:00'),
(553, 11, 2, 'keluar', 2, 102, 100, 'TRX-20260402-00197', 'Stok keluar akibat penjualan (seeded)', '2026-04-02 03:29:00'),
(554, 14, 2, 'keluar', 3, 53, 50, 'TRX-20260402-00197', 'Stok keluar akibat penjualan (seeded)', '2026-04-02 03:29:00'),
(555, 2, 3, 'keluar', 3, 103, 100, 'TRX-20260402-00198', 'Stok keluar akibat penjualan (seeded)', '2026-04-02 07:02:00'),
(556, 10, 3, 'keluar', 2, 38, 36, 'TRX-20260402-00198', 'Stok keluar akibat penjualan (seeded)', '2026-04-02 07:02:00'),
(557, 12, 3, 'keluar', 5, 85, 80, 'TRX-20260402-00198', 'Stok keluar akibat penjualan (seeded)', '2026-04-02 07:02:00'),
(558, 30, 3, 'keluar', 2, 52, 50, 'TRX-20260402-00199', 'Stok keluar akibat penjualan (seeded)', '2026-04-02 09:02:00'),
(559, 2, 2, 'keluar', 2, 102, 100, 'TRX-20260402-00200', 'Stok keluar akibat penjualan (seeded)', '2026-04-02 01:16:00'),
(560, 11, 2, 'keluar', 4, 104, 100, 'TRX-20260402-00200', 'Stok keluar akibat penjualan (seeded)', '2026-04-02 01:16:00'),
(561, 25, 2, 'keluar', 5, 8, 3, 'TRX-20260402-00200', 'Stok keluar akibat penjualan (seeded)', '2026-04-02 01:16:00'),
(562, 27, 2, 'keluar', 2, 22, 20, 'TRX-20260402-00200', 'Stok keluar akibat penjualan (seeded)', '2026-04-02 01:16:00'),
(563, 5, 2, 'keluar', 2, 27, 25, 'TRX-20260402-00201', 'Stok keluar akibat penjualan (seeded)', '2026-04-02 07:25:00'),
(564, 3, 2, 'keluar', 4, 64, 60, 'TRX-20260402-00202', 'Stok keluar akibat penjualan (seeded)', '2026-04-02 01:38:00'),
(565, 23, 2, 'keluar', 5, 65, 60, 'TRX-20260402-00202', 'Stok keluar akibat penjualan (seeded)', '2026-04-02 01:38:00'),
(566, 25, 3, 'keluar', 1, 4, 3, 'TRX-20260402-00203', 'Stok keluar akibat penjualan (seeded)', '2026-04-02 05:55:00'),
(567, 10, 3, 'keluar', 1, 37, 36, 'TRX-20260402-00204', 'Stok keluar akibat penjualan (seeded)', '2026-04-02 03:24:00'),
(568, 17, 3, 'keluar', 2, 27, 25, 'TRX-20260402-00204', 'Stok keluar akibat penjualan (seeded)', '2026-04-02 03:24:00'),
(569, 20, 3, 'keluar', 2, 32, 30, 'TRX-20260402-00204', 'Stok keluar akibat penjualan (seeded)', '2026-04-02 03:24:00'),
(570, 19, 3, 'keluar', 4, 54, 50, 'TRX-20260402-00205', 'Stok keluar akibat penjualan (seeded)', '2026-04-02 13:39:00'),
(571, 9, 3, 'keluar', 4, 52, 48, 'TRX-20260402-00206', 'Stok keluar akibat penjualan (seeded)', '2026-04-02 13:09:00'),
(572, 20, 3, 'keluar', 2, 32, 30, 'TRX-20260402-00206', 'Stok keluar akibat penjualan (seeded)', '2026-04-02 13:09:00'),
(573, 22, 3, 'keluar', 1, 26, 25, 'TRX-20260402-00206', 'Stok keluar akibat penjualan (seeded)', '2026-04-02 13:09:00'),
(574, 23, 3, 'keluar', 5, 65, 60, 'TRX-20260402-00206', 'Stok keluar akibat penjualan (seeded)', '2026-04-02 13:09:00'),
(575, 10, 3, 'keluar', 4, 40, 36, 'TRX-20260403-00208', 'Stok keluar akibat penjualan (seeded)', '2026-04-03 11:03:00'),
(576, 14, 3, 'keluar', 4, 54, 50, 'TRX-20260403-00208', 'Stok keluar akibat penjualan (seeded)', '2026-04-03 11:03:00'),
(577, 15, 3, 'keluar', 4, 44, 40, 'TRX-20260403-00208', 'Stok keluar akibat penjualan (seeded)', '2026-04-03 11:03:00'),
(578, 17, 3, 'keluar', 3, 28, 25, 'TRX-20260403-00208', 'Stok keluar akibat penjualan (seeded)', '2026-04-03 11:03:00'),
(579, 21, 3, 'keluar', 4, 24, 20, 'TRX-20260403-00208', 'Stok keluar akibat penjualan (seeded)', '2026-04-03 11:03:00'),
(580, 2, 3, 'keluar', 4, 104, 100, 'TRX-20260403-00209', 'Stok keluar akibat penjualan (seeded)', '2026-04-03 12:19:00'),
(581, 9, 3, 'keluar', 5, 53, 48, 'TRX-20260403-00209', 'Stok keluar akibat penjualan (seeded)', '2026-04-03 12:19:00'),
(582, 16, 3, 'keluar', 5, 35, 30, 'TRX-20260403-00209', 'Stok keluar akibat penjualan (seeded)', '2026-04-03 12:19:00'),
(583, 21, 3, 'keluar', 4, 24, 20, 'TRX-20260403-00209', 'Stok keluar akibat penjualan (seeded)', '2026-04-03 12:19:00'),
(584, 30, 3, 'keluar', 4, 54, 50, 'TRX-20260403-00209', 'Stok keluar akibat penjualan (seeded)', '2026-04-03 12:19:00'),
(585, 12, 3, 'keluar', 3, 83, 80, 'TRX-20260403-00210', 'Stok keluar akibat penjualan (seeded)', '2026-04-03 06:22:00'),
(586, 26, 3, 'keluar', 3, 33, 30, 'TRX-20260403-00210', 'Stok keluar akibat penjualan (seeded)', '2026-04-03 06:22:00'),
(587, 1, 3, 'keluar', 4, 154, 150, 'TRX-20260403-00211', 'Stok keluar akibat penjualan (seeded)', '2026-04-03 03:45:00'),
(588, 10, 3, 'keluar', 3, 39, 36, 'TRX-20260403-00211', 'Stok keluar akibat penjualan (seeded)', '2026-04-03 03:45:00'),
(589, 16, 3, 'keluar', 5, 35, 30, 'TRX-20260403-00211', 'Stok keluar akibat penjualan (seeded)', '2026-04-03 03:45:00'),
(590, 1, 2, 'keluar', 2, 152, 150, 'TRX-20260403-00212', 'Stok keluar akibat penjualan (seeded)', '2026-04-03 10:10:00'),
(591, 4, 2, 'keluar', 5, 85, 80, 'TRX-20260403-00212', 'Stok keluar akibat penjualan (seeded)', '2026-04-03 10:10:00'),
(592, 5, 2, 'keluar', 2, 27, 25, 'TRX-20260403-00212', 'Stok keluar akibat penjualan (seeded)', '2026-04-03 10:10:00'),
(593, 14, 2, 'keluar', 2, 52, 50, 'TRX-20260403-00212', 'Stok keluar akibat penjualan (seeded)', '2026-04-03 10:10:00'),
(594, 4, 2, 'keluar', 5, 85, 80, 'TRX-20260404-00213', 'Stok keluar akibat penjualan (seeded)', '2026-04-04 03:33:00'),
(595, 17, 2, 'keluar', 2, 27, 25, 'TRX-20260404-00213', 'Stok keluar akibat penjualan (seeded)', '2026-04-04 03:33:00'),
(596, 22, 2, 'keluar', 5, 30, 25, 'TRX-20260404-00213', 'Stok keluar akibat penjualan (seeded)', '2026-04-04 03:33:00'),
(597, 30, 2, 'keluar', 2, 52, 50, 'TRX-20260404-00213', 'Stok keluar akibat penjualan (seeded)', '2026-04-04 03:33:00'),
(598, 7, 2, 'keluar', 5, 205, 200, 'TRX-20260404-00214', 'Stok keluar akibat penjualan (seeded)', '2026-04-04 09:53:00'),
(599, 11, 2, 'keluar', 3, 103, 100, 'TRX-20260404-00214', 'Stok keluar akibat penjualan (seeded)', '2026-04-04 09:53:00'),
(600, 9, 3, 'keluar', 2, 50, 48, 'TRX-20260404-00215', 'Stok keluar akibat penjualan (seeded)', '2026-04-04 12:01:00'),
(601, 20, 3, 'keluar', 1, 31, 30, 'TRX-20260404-00215', 'Stok keluar akibat penjualan (seeded)', '2026-04-04 12:01:00'),
(602, 6, 2, 'keluar', 4, 124, 120, 'TRX-20260404-00216', 'Stok keluar akibat penjualan (seeded)', '2026-04-04 08:00:00'),
(603, 7, 2, 'keluar', 5, 205, 200, 'TRX-20260404-00216', 'Stok keluar akibat penjualan (seeded)', '2026-04-04 08:00:00'),
(604, 21, 2, 'keluar', 4, 24, 20, 'TRX-20260404-00216', 'Stok keluar akibat penjualan (seeded)', '2026-04-04 08:00:00'),
(605, 23, 2, 'keluar', 4, 64, 60, 'TRX-20260404-00216', 'Stok keluar akibat penjualan (seeded)', '2026-04-04 08:00:00'),
(606, 3, 2, 'keluar', 4, 64, 60, 'TRX-20260404-00217', 'Stok keluar akibat penjualan (seeded)', '2026-04-04 06:35:00'),
(607, 16, 2, 'keluar', 2, 32, 30, 'TRX-20260404-00217', 'Stok keluar akibat penjualan (seeded)', '2026-04-04 06:35:00'),
(608, 4, 2, 'keluar', 1, 81, 80, 'TRX-20260404-00218', 'Stok keluar akibat penjualan (seeded)', '2026-04-04 12:59:00'),
(609, 1, 3, 'keluar', 5, 155, 150, 'TRX-20260404-00219', 'Stok keluar akibat penjualan (seeded)', '2026-04-04 03:35:00'),
(610, 19, 3, 'keluar', 1, 51, 50, 'TRX-20260404-00219', 'Stok keluar akibat penjualan (seeded)', '2026-04-04 03:35:00'),
(611, 1, 3, 'keluar', 3, 153, 150, 'TRX-20260404-00220', 'Stok keluar akibat penjualan (seeded)', '2026-04-04 13:42:00'),
(612, 14, 3, 'keluar', 3, 53, 50, 'TRX-20260404-00220', 'Stok keluar akibat penjualan (seeded)', '2026-04-04 13:42:00'),
(613, 19, 3, 'keluar', 1, 51, 50, 'TRX-20260404-00220', 'Stok keluar akibat penjualan (seeded)', '2026-04-04 13:42:00'),
(614, 20, 3, 'keluar', 4, 34, 30, 'TRX-20260404-00220', 'Stok keluar akibat penjualan (seeded)', '2026-04-04 13:42:00'),
(615, 10, 2, 'keluar', 2, 38, 36, 'TRX-20260404-00221', 'Stok keluar akibat penjualan (seeded)', '2026-04-04 09:29:00'),
(616, 14, 2, 'keluar', 1, 51, 50, 'TRX-20260404-00222', 'Stok keluar akibat penjualan (seeded)', '2026-04-04 10:49:00'),
(617, 18, 2, 'keluar', 2, 37, 35, 'TRX-20260404-00222', 'Stok keluar akibat penjualan (seeded)', '2026-04-04 10:49:00'),
(618, 8, 2, 'keluar', 4, 76, 72, 'TRX-20260404-00223', 'Stok keluar akibat penjualan (seeded)', '2026-04-04 11:37:00'),
(619, 18, 2, 'keluar', 3, 38, 35, 'TRX-20260404-00223', 'Stok keluar akibat penjualan (seeded)', '2026-04-04 11:37:00'),
(620, 22, 2, 'keluar', 5, 30, 25, 'TRX-20260404-00223', 'Stok keluar akibat penjualan (seeded)', '2026-04-04 11:37:00'),
(621, 23, 2, 'keluar', 1, 61, 60, 'TRX-20260404-00223', 'Stok keluar akibat penjualan (seeded)', '2026-04-04 11:37:00'),
(622, 3, 3, 'keluar', 3, 63, 60, 'TRX-20260404-00224', 'Stok keluar akibat penjualan (seeded)', '2026-04-04 08:05:00'),
(623, 6, 3, 'keluar', 2, 122, 120, 'TRX-20260404-00224', 'Stok keluar akibat penjualan (seeded)', '2026-04-04 08:05:00'),
(624, 9, 3, 'keluar', 5, 53, 48, 'TRX-20260404-00224', 'Stok keluar akibat penjualan (seeded)', '2026-04-04 08:05:00'),
(625, 15, 3, 'keluar', 3, 43, 40, 'TRX-20260404-00224', 'Stok keluar akibat penjualan (seeded)', '2026-04-04 08:05:00'),
(626, 24, 3, 'keluar', 5, 45, 40, 'TRX-20260404-00224', 'Stok keluar akibat penjualan (seeded)', '2026-04-04 08:05:00'),
(627, 12, 3, 'keluar', 5, 85, 80, 'TRX-20260404-00225', 'Stok keluar akibat penjualan (seeded)', '2026-04-04 08:16:00'),
(628, 15, 3, 'keluar', 2, 42, 40, 'TRX-20260404-00225', 'Stok keluar akibat penjualan (seeded)', '2026-04-04 08:16:00'),
(629, 27, 3, 'keluar', 1, 21, 20, 'TRX-20260404-00225', 'Stok keluar akibat penjualan (seeded)', '2026-04-04 08:16:00'),
(630, 10, 2, 'keluar', 2, 38, 36, 'TRX-20260404-00226', 'Stok keluar akibat penjualan (seeded)', '2026-04-04 08:12:00'),
(631, 23, 2, 'keluar', 5, 65, 60, 'TRX-20260404-00226', 'Stok keluar akibat penjualan (seeded)', '2026-04-04 08:12:00'),
(632, 24, 3, 'keluar', 3, 43, 40, 'TRX-20260404-00227', 'Stok keluar akibat penjualan (seeded)', '2026-04-04 13:59:00'),
(633, 17, 3, 'keluar', 1, 26, 25, 'TRX-20260405-00228', 'Stok keluar akibat penjualan (seeded)', '2026-04-05 13:24:00'),
(634, 30, 3, 'keluar', 3, 53, 50, 'TRX-20260405-00228', 'Stok keluar akibat penjualan (seeded)', '2026-04-05 13:24:00'),
(635, 17, 2, 'keluar', 5, 30, 25, 'TRX-20260405-00229', 'Stok keluar akibat penjualan (seeded)', '2026-04-05 08:43:00'),
(636, 25, 2, 'keluar', 5, 8, 3, 'TRX-20260405-00229', 'Stok keluar akibat penjualan (seeded)', '2026-04-05 08:43:00'),
(637, 30, 2, 'keluar', 3, 53, 50, 'TRX-20260405-00229', 'Stok keluar akibat penjualan (seeded)', '2026-04-05 08:43:00'),
(638, 13, 3, 'keluar', 2, 62, 60, 'TRX-20260405-00230', 'Stok keluar akibat penjualan (seeded)', '2026-04-05 03:31:00'),
(639, 19, 3, 'keluar', 1, 51, 50, 'TRX-20260405-00230', 'Stok keluar akibat penjualan (seeded)', '2026-04-05 03:31:00'),
(640, 21, 3, 'keluar', 2, 22, 20, 'TRX-20260405-00230', 'Stok keluar akibat penjualan (seeded)', '2026-04-05 03:31:00'),
(641, 6, 2, 'keluar', 1, 121, 120, 'TRX-20260405-00231', 'Stok keluar akibat penjualan (seeded)', '2026-04-05 10:11:00'),
(642, 15, 2, 'keluar', 4, 44, 40, 'TRX-20260405-00231', 'Stok keluar akibat penjualan (seeded)', '2026-04-05 10:11:00'),
(643, 4, 3, 'keluar', 5, 85, 80, 'TRX-20260405-00232', 'Stok keluar akibat penjualan (seeded)', '2026-04-05 04:03:00'),
(644, 8, 3, 'keluar', 4, 76, 72, 'TRX-20260405-00232', 'Stok keluar akibat penjualan (seeded)', '2026-04-05 04:03:00'),
(645, 10, 3, 'keluar', 2, 38, 36, 'TRX-20260405-00232', 'Stok keluar akibat penjualan (seeded)', '2026-04-05 04:03:00'),
(646, 20, 3, 'keluar', 2, 32, 30, 'TRX-20260405-00232', 'Stok keluar akibat penjualan (seeded)', '2026-04-05 04:03:00'),
(647, 23, 3, 'keluar', 1, 61, 60, 'TRX-20260405-00232', 'Stok keluar akibat penjualan (seeded)', '2026-04-05 04:03:00'),
(648, 5, 3, 'keluar', 3, 28, 25, 'TRX-20260405-00233', 'Stok keluar akibat penjualan (seeded)', '2026-04-05 01:38:00'),
(649, 29, 3, 'keluar', 4, 24, 20, 'TRX-20260405-00233', 'Stok keluar akibat penjualan (seeded)', '2026-04-05 01:38:00'),
(650, 19, 3, 'keluar', 3, 53, 50, 'TRX-20260406-00234', 'Stok keluar akibat penjualan (seeded)', '2026-04-06 09:30:00'),
(651, 20, 3, 'keluar', 5, 35, 30, 'TRX-20260406-00234', 'Stok keluar akibat penjualan (seeded)', '2026-04-06 09:30:00'),
(652, 28, 3, 'keluar', 4, 8, 4, 'TRX-20260406-00234', 'Stok keluar akibat penjualan (seeded)', '2026-04-06 09:30:00'),
(653, 10, 2, 'keluar', 4, 40, 36, 'TRX-20260406-00235', 'Stok keluar akibat penjualan (seeded)', '2026-04-06 13:05:00'),
(654, 27, 2, 'keluar', 3, 23, 20, 'TRX-20260406-00235', 'Stok keluar akibat penjualan (seeded)', '2026-04-06 13:05:00'),
(655, 30, 2, 'keluar', 2, 52, 50, 'TRX-20260406-00235', 'Stok keluar akibat penjualan (seeded)', '2026-04-06 13:05:00'),
(656, 5, 2, 'keluar', 4, 29, 25, 'TRX-20260406-00237', 'Stok keluar akibat penjualan (seeded)', '2026-04-06 05:24:00'),
(657, 18, 2, 'keluar', 4, 39, 35, 'TRX-20260406-00237', 'Stok keluar akibat penjualan (seeded)', '2026-04-06 05:24:00'),
(658, 4, 3, 'keluar', 2, 82, 80, 'TRX-20260406-00238', 'Stok keluar akibat penjualan (seeded)', '2026-04-06 04:36:00'),
(659, 6, 3, 'keluar', 3, 123, 120, 'TRX-20260406-00238', 'Stok keluar akibat penjualan (seeded)', '2026-04-06 04:36:00'),
(660, 12, 3, 'keluar', 2, 82, 80, 'TRX-20260406-00238', 'Stok keluar akibat penjualan (seeded)', '2026-04-06 04:36:00'),
(661, 20, 3, 'keluar', 5, 35, 30, 'TRX-20260406-00238', 'Stok keluar akibat penjualan (seeded)', '2026-04-06 04:36:00'),
(662, 25, 3, 'keluar', 5, 8, 3, 'TRX-20260406-00238', 'Stok keluar akibat penjualan (seeded)', '2026-04-06 04:36:00'),
(663, 9, 2, 'keluar', 3, 51, 48, 'TRX-20260406-00239', 'Stok keluar akibat penjualan (seeded)', '2026-04-06 06:56:00'),
(664, 1, 3, 'keluar', 4, 154, 150, 'TRX-20260406-00240', 'Stok keluar akibat penjualan (seeded)', '2026-04-06 12:36:00'),
(665, 23, 3, 'keluar', 1, 61, 60, 'TRX-20260406-00240', 'Stok keluar akibat penjualan (seeded)', '2026-04-06 12:36:00'),
(666, 24, 3, 'keluar', 1, 41, 40, 'TRX-20260406-00240', 'Stok keluar akibat penjualan (seeded)', '2026-04-06 12:36:00'),
(667, 7, 2, 'keluar', 1, 201, 200, 'TRX-20260406-00241', 'Stok keluar akibat penjualan (seeded)', '2026-04-06 02:32:00'),
(668, 10, 2, 'keluar', 3, 39, 36, 'TRX-20260406-00241', 'Stok keluar akibat penjualan (seeded)', '2026-04-06 02:32:00'),
(669, 14, 2, 'keluar', 4, 54, 50, 'TRX-20260406-00241', 'Stok keluar akibat penjualan (seeded)', '2026-04-06 02:32:00'),
(670, 15, 2, 'keluar', 1, 41, 40, 'TRX-20260406-00241', 'Stok keluar akibat penjualan (seeded)', '2026-04-06 02:32:00'),
(671, 20, 2, 'keluar', 3, 33, 30, 'TRX-20260406-00241', 'Stok keluar akibat penjualan (seeded)', '2026-04-06 02:32:00'),
(672, 8, 2, 'keluar', 5, 77, 72, 'TRX-20260406-00242', 'Stok keluar akibat penjualan (seeded)', '2026-04-06 12:53:00'),
(673, 14, 2, 'keluar', 1, 51, 50, 'TRX-20260406-00242', 'Stok keluar akibat penjualan (seeded)', '2026-04-06 12:53:00'),
(674, 24, 2, 'keluar', 3, 43, 40, 'TRX-20260406-00242', 'Stok keluar akibat penjualan (seeded)', '2026-04-06 12:53:00'),
(675, 28, 2, 'keluar', 2, 6, 4, 'TRX-20260406-00242', 'Stok keluar akibat penjualan (seeded)', '2026-04-06 12:53:00'),
(676, 29, 2, 'keluar', 3, 23, 20, 'TRX-20260406-00242', 'Stok keluar akibat penjualan (seeded)', '2026-04-06 12:53:00'),
(677, 10, 2, 'keluar', 4, 40, 36, 'TRX-20260406-00243', 'Stok keluar akibat penjualan (seeded)', '2026-04-06 05:21:00'),
(678, 30, 2, 'keluar', 2, 52, 50, 'TRX-20260406-00243', 'Stok keluar akibat penjualan (seeded)', '2026-04-06 05:21:00'),
(679, 14, 2, 'keluar', 5, 55, 50, 'TRX-20260406-00244', 'Stok keluar akibat penjualan (seeded)', '2026-04-06 09:41:00'),
(680, 23, 2, 'keluar', 4, 64, 60, 'TRX-20260406-00244', 'Stok keluar akibat penjualan (seeded)', '2026-04-06 09:41:00'),
(681, 10, 3, 'keluar', 1, 37, 36, 'TRX-20260407-00245', 'Stok keluar akibat penjualan (seeded)', '2026-04-07 01:55:00'),
(682, 11, 3, 'keluar', 3, 103, 100, 'TRX-20260407-00245', 'Stok keluar akibat penjualan (seeded)', '2026-04-07 01:55:00'),
(683, 28, 3, 'keluar', 2, 6, 4, 'TRX-20260407-00245', 'Stok keluar akibat penjualan (seeded)', '2026-04-07 01:55:00'),
(684, 6, 2, 'keluar', 4, 124, 120, 'TRX-20260407-00246', 'Stok keluar akibat penjualan (seeded)', '2026-04-07 06:16:00'),
(685, 28, 2, 'keluar', 1, 5, 4, 'TRX-20260407-00246', 'Stok keluar akibat penjualan (seeded)', '2026-04-07 06:16:00'),
(686, 24, 2, 'keluar', 1, 41, 40, 'TRX-20260407-00247', 'Stok keluar akibat penjualan (seeded)', '2026-04-07 08:53:00'),
(687, 27, 2, 'keluar', 1, 21, 20, 'TRX-20260407-00247', 'Stok keluar akibat penjualan (seeded)', '2026-04-07 08:53:00'),
(688, 4, 3, 'keluar', 4, 84, 80, 'TRX-20260407-00248', 'Stok keluar akibat penjualan (seeded)', '2026-04-07 09:42:00'),
(689, 23, 3, 'keluar', 5, 65, 60, 'TRX-20260407-00248', 'Stok keluar akibat penjualan (seeded)', '2026-04-07 09:42:00'),
(690, 28, 3, 'keluar', 5, 9, 4, 'TRX-20260407-00248', 'Stok keluar akibat penjualan (seeded)', '2026-04-07 09:42:00'),
(691, 22, 3, 'keluar', 1, 26, 25, 'TRX-20260407-00249', 'Stok keluar akibat penjualan (seeded)', '2026-04-07 09:04:00'),
(692, 4, 2, 'keluar', 5, 85, 80, 'TRX-20260407-00250', 'Stok keluar akibat penjualan (seeded)', '2026-04-07 05:37:00'),
(693, 5, 2, 'keluar', 5, 30, 25, 'TRX-20260407-00250', 'Stok keluar akibat penjualan (seeded)', '2026-04-07 05:37:00'),
(694, 2, 3, 'keluar', 2, 102, 100, 'TRX-20260407-00251', 'Stok keluar akibat penjualan (seeded)', '2026-04-07 07:46:00'),
(695, 5, 3, 'keluar', 2, 27, 25, 'TRX-20260407-00251', 'Stok keluar akibat penjualan (seeded)', '2026-04-07 07:46:00'),
(696, 7, 3, 'keluar', 3, 203, 200, 'TRX-20260407-00251', 'Stok keluar akibat penjualan (seeded)', '2026-04-07 07:46:00'),
(697, 10, 3, 'keluar', 4, 40, 36, 'TRX-20260407-00251', 'Stok keluar akibat penjualan (seeded)', '2026-04-07 07:46:00'),
(698, 12, 3, 'keluar', 2, 82, 80, 'TRX-20260407-00252', 'Stok keluar akibat penjualan (seeded)', '2026-04-07 05:16:00'),
(699, 19, 3, 'keluar', 5, 55, 50, 'TRX-20260407-00252', 'Stok keluar akibat penjualan (seeded)', '2026-04-07 05:16:00'),
(700, 30, 3, 'keluar', 3, 53, 50, 'TRX-20260407-00252', 'Stok keluar akibat penjualan (seeded)', '2026-04-07 05:16:00'),
(701, 2, 2, 'keluar', 5, 105, 100, 'TRX-20260407-00253', 'Stok keluar akibat penjualan (seeded)', '2026-04-07 01:14:00'),
(702, 4, 2, 'keluar', 1, 81, 80, 'TRX-20260407-00253', 'Stok keluar akibat penjualan (seeded)', '2026-04-07 01:14:00'),
(703, 5, 2, 'keluar', 5, 30, 25, 'TRX-20260407-00253', 'Stok keluar akibat penjualan (seeded)', '2026-04-07 01:14:00'),
(704, 1, 3, 'keluar', 1, 151, 150, 'TRX-20260407-00254', 'Stok keluar akibat penjualan (seeded)', '2026-04-07 07:24:00'),
(705, 2, 3, 'keluar', 3, 103, 100, 'TRX-20260407-00255', 'Stok keluar akibat penjualan (seeded)', '2026-04-07 09:51:00'),
(706, 4, 3, 'keluar', 2, 82, 80, 'TRX-20260407-00255', 'Stok keluar akibat penjualan (seeded)', '2026-04-07 09:51:00'),
(707, 13, 3, 'keluar', 4, 64, 60, 'TRX-20260407-00255', 'Stok keluar akibat penjualan (seeded)', '2026-04-07 09:51:00'),
(708, 18, 3, 'keluar', 3, 38, 35, 'TRX-20260407-00255', 'Stok keluar akibat penjualan (seeded)', '2026-04-07 09:51:00'),
(709, 4, 3, 'keluar', 2, 82, 80, 'TRX-20260407-00257', 'Stok keluar akibat penjualan (seeded)', '2026-04-07 07:21:00'),
(710, 5, 3, 'keluar', 4, 29, 25, 'TRX-20260407-00257', 'Stok keluar akibat penjualan (seeded)', '2026-04-07 07:21:00'),
(711, 16, 3, 'keluar', 4, 34, 30, 'TRX-20260407-00257', 'Stok keluar akibat penjualan (seeded)', '2026-04-07 07:21:00'),
(712, 4, 2, 'keluar', 1, 81, 80, 'TRX-20260408-00258', 'Stok keluar akibat penjualan (seeded)', '2026-04-08 03:05:00'),
(713, 9, 2, 'keluar', 3, 51, 48, 'TRX-20260408-00258', 'Stok keluar akibat penjualan (seeded)', '2026-04-08 03:05:00'),
(714, 4, 2, 'keluar', 1, 81, 80, 'TRX-20260408-00259', 'Stok keluar akibat penjualan (seeded)', '2026-04-08 12:43:00'),
(715, 9, 2, 'keluar', 3, 51, 48, 'TRX-20260408-00259', 'Stok keluar akibat penjualan (seeded)', '2026-04-08 12:43:00'),
(716, 19, 2, 'keluar', 1, 51, 50, 'TRX-20260408-00259', 'Stok keluar akibat penjualan (seeded)', '2026-04-08 12:43:00'),
(717, 20, 2, 'keluar', 2, 32, 30, 'TRX-20260408-00259', 'Stok keluar akibat penjualan (seeded)', '2026-04-08 12:43:00'),
(718, 8, 3, 'keluar', 2, 74, 72, 'TRX-20260408-00260', 'Stok keluar akibat penjualan (seeded)', '2026-04-08 01:09:00'),
(719, 12, 3, 'keluar', 5, 85, 80, 'TRX-20260408-00260', 'Stok keluar akibat penjualan (seeded)', '2026-04-08 01:09:00'),
(720, 14, 3, 'keluar', 3, 53, 50, 'TRX-20260408-00260', 'Stok keluar akibat penjualan (seeded)', '2026-04-08 01:09:00'),
(721, 23, 3, 'keluar', 2, 62, 60, 'TRX-20260408-00260', 'Stok keluar akibat penjualan (seeded)', '2026-04-08 01:09:00'),
(722, 27, 3, 'keluar', 1, 21, 20, 'TRX-20260408-00260', 'Stok keluar akibat penjualan (seeded)', '2026-04-08 01:09:00'),
(723, 5, 2, 'keluar', 5, 30, 25, 'TRX-20260408-00261', 'Stok keluar akibat penjualan (seeded)', '2026-04-08 04:47:00'),
(724, 20, 2, 'keluar', 1, 31, 30, 'TRX-20260408-00261', 'Stok keluar akibat penjualan (seeded)', '2026-04-08 04:47:00'),
(725, 23, 2, 'keluar', 5, 65, 60, 'TRX-20260408-00261', 'Stok keluar akibat penjualan (seeded)', '2026-04-08 04:47:00'),
(726, 18, 3, 'keluar', 1, 36, 35, 'TRX-20260408-00263', 'Stok keluar akibat penjualan (seeded)', '2026-04-08 03:05:00'),
(727, 11, 2, 'keluar', 4, 104, 100, 'TRX-20260408-00264', 'Stok keluar akibat penjualan (seeded)', '2026-04-08 01:41:00'),
(728, 20, 2, 'keluar', 4, 34, 30, 'TRX-20260408-00264', 'Stok keluar akibat penjualan (seeded)', '2026-04-08 01:41:00'),
(729, 23, 2, 'keluar', 1, 61, 60, 'TRX-20260408-00264', 'Stok keluar akibat penjualan (seeded)', '2026-04-08 01:41:00'),
(730, 30, 2, 'keluar', 2, 52, 50, 'TRX-20260408-00264', 'Stok keluar akibat penjualan (seeded)', '2026-04-08 01:41:00'),
(731, 11, 2, 'keluar', 2, 102, 100, 'TRX-20260408-00265', 'Stok keluar akibat penjualan (seeded)', '2026-04-08 07:04:00'),
(732, 1, 3, 'keluar', 2, 152, 150, 'TRX-20260409-00266', 'Stok keluar akibat penjualan (seeded)', '2026-04-09 04:02:00'),
(733, 3, 3, 'keluar', 4, 64, 60, 'TRX-20260409-00266', 'Stok keluar akibat penjualan (seeded)', '2026-04-09 04:02:00'),
(734, 9, 3, 'keluar', 1, 49, 48, 'TRX-20260409-00266', 'Stok keluar akibat penjualan (seeded)', '2026-04-09 04:02:00'),
(735, 16, 3, 'keluar', 4, 34, 30, 'TRX-20260409-00266', 'Stok keluar akibat penjualan (seeded)', '2026-04-09 04:02:00'),
(736, 24, 3, 'keluar', 4, 44, 40, 'TRX-20260409-00266', 'Stok keluar akibat penjualan (seeded)', '2026-04-09 04:02:00'),
(737, 24, 3, 'keluar', 1, 41, 40, 'TRX-20260409-00267', 'Stok keluar akibat penjualan (seeded)', '2026-04-09 05:54:00'),
(738, 7, 3, 'keluar', 2, 202, 200, 'TRX-20260409-00268', 'Stok keluar akibat penjualan (seeded)', '2026-04-09 06:18:00'),
(739, 25, 3, 'keluar', 4, 7, 3, 'TRX-20260409-00268', 'Stok keluar akibat penjualan (seeded)', '2026-04-09 06:18:00'),
(740, 28, 3, 'keluar', 4, 8, 4, 'TRX-20260409-00268', 'Stok keluar akibat penjualan (seeded)', '2026-04-09 06:18:00'),
(741, 6, 3, 'keluar', 3, 123, 120, 'TRX-20260409-00269', 'Stok keluar akibat penjualan (seeded)', '2026-04-09 11:40:00'),
(742, 7, 3, 'keluar', 3, 203, 200, 'TRX-20260409-00269', 'Stok keluar akibat penjualan (seeded)', '2026-04-09 11:40:00'),
(743, 10, 3, 'keluar', 5, 41, 36, 'TRX-20260409-00269', 'Stok keluar akibat penjualan (seeded)', '2026-04-09 11:40:00'),
(744, 3, 2, 'keluar', 4, 64, 60, 'TRX-20260409-00270', 'Stok keluar akibat penjualan (seeded)', '2026-04-09 01:11:00'),
(745, 7, 2, 'keluar', 5, 205, 200, 'TRX-20260409-00270', 'Stok keluar akibat penjualan (seeded)', '2026-04-09 01:11:00'),
(746, 20, 2, 'keluar', 3, 33, 30, 'TRX-20260409-00271', 'Stok keluar akibat penjualan (seeded)', '2026-04-09 06:06:00'),
(747, 26, 2, 'keluar', 4, 34, 30, 'TRX-20260409-00271', 'Stok keluar akibat penjualan (seeded)', '2026-04-09 06:06:00'),
(748, 28, 2, 'keluar', 4, 8, 4, 'TRX-20260409-00271', 'Stok keluar akibat penjualan (seeded)', '2026-04-09 06:06:00'),
(749, 30, 2, 'keluar', 3, 53, 50, 'TRX-20260409-00271', 'Stok keluar akibat penjualan (seeded)', '2026-04-09 06:06:00'),
(750, 9, 3, 'keluar', 2, 50, 48, 'TRX-20260409-00272', 'Stok keluar akibat penjualan (seeded)', '2026-04-09 04:40:00'),
(751, 27, 3, 'keluar', 1, 21, 20, 'TRX-20260409-00272', 'Stok keluar akibat penjualan (seeded)', '2026-04-09 04:40:00'),
(752, 29, 3, 'keluar', 4, 24, 20, 'TRX-20260409-00272', 'Stok keluar akibat penjualan (seeded)', '2026-04-09 04:40:00'),
(753, 6, 3, 'keluar', 3, 123, 120, 'TRX-20260409-00273', 'Stok keluar akibat penjualan (seeded)', '2026-04-09 05:15:00'),
(754, 12, 3, 'keluar', 5, 85, 80, 'TRX-20260409-00273', 'Stok keluar akibat penjualan (seeded)', '2026-04-09 05:15:00'),
(755, 16, 3, 'keluar', 3, 33, 30, 'TRX-20260409-00273', 'Stok keluar akibat penjualan (seeded)', '2026-04-09 05:15:00'),
(756, 25, 3, 'keluar', 3, 6, 3, 'TRX-20260409-00273', 'Stok keluar akibat penjualan (seeded)', '2026-04-09 05:15:00'),
(757, 28, 3, 'keluar', 4, 8, 4, 'TRX-20260409-00273', 'Stok keluar akibat penjualan (seeded)', '2026-04-09 05:15:00'),
(758, 5, 3, 'keluar', 3, 28, 25, 'TRX-20260409-00274', 'Stok keluar akibat penjualan (seeded)', '2026-04-09 03:21:00'),
(759, 11, 3, 'keluar', 5, 105, 100, 'TRX-20260409-00274', 'Stok keluar akibat penjualan (seeded)', '2026-04-09 03:21:00'),
(760, 23, 3, 'keluar', 1, 61, 60, 'TRX-20260409-00274', 'Stok keluar akibat penjualan (seeded)', '2026-04-09 03:21:00'),
(761, 1, 3, 'keluar', 2, 152, 150, 'TRX-20260409-00275', 'Stok keluar akibat penjualan (seeded)', '2026-04-09 10:09:00'),
(762, 5, 3, 'keluar', 5, 30, 25, 'TRX-20260409-00275', 'Stok keluar akibat penjualan (seeded)', '2026-04-09 10:09:00'),
(763, 30, 3, 'keluar', 2, 52, 50, 'TRX-20260409-00275', 'Stok keluar akibat penjualan (seeded)', '2026-04-09 10:09:00'),
(764, 2, 3, 'keluar', 4, 104, 100, 'TRX-20260409-00276', 'Stok keluar akibat penjualan (seeded)', '2026-04-09 06:03:00'),
(765, 8, 3, 'keluar', 1, 73, 72, 'TRX-20260409-00276', 'Stok keluar akibat penjualan (seeded)', '2026-04-09 06:03:00'),
(766, 11, 3, 'keluar', 4, 104, 100, 'TRX-20260409-00276', 'Stok keluar akibat penjualan (seeded)', '2026-04-09 06:03:00'),
(767, 14, 3, 'keluar', 3, 53, 50, 'TRX-20260409-00276', 'Stok keluar akibat penjualan (seeded)', '2026-04-09 06:03:00'),
(768, 15, 3, 'keluar', 1, 41, 40, 'TRX-20260409-00276', 'Stok keluar akibat penjualan (seeded)', '2026-04-09 06:03:00'),
(769, 7, 3, 'keluar', 3, 203, 200, 'TRX-20260410-00278', 'Stok keluar akibat penjualan (seeded)', '2026-04-10 01:21:00'),
(770, 25, 3, 'keluar', 4, 7, 3, 'TRX-20260410-00278', 'Stok keluar akibat penjualan (seeded)', '2026-04-10 01:21:00'),
(771, 28, 3, 'keluar', 5, 9, 4, 'TRX-20260410-00278', 'Stok keluar akibat penjualan (seeded)', '2026-04-10 01:21:00'),
(772, 30, 3, 'keluar', 5, 55, 50, 'TRX-20260410-00278', 'Stok keluar akibat penjualan (seeded)', '2026-04-10 01:21:00'),
(773, 1, 2, 'keluar', 4, 154, 150, 'TRX-20260410-00280', 'Stok keluar akibat penjualan (seeded)', '2026-04-10 06:05:00'),
(774, 2, 2, 'keluar', 4, 104, 100, 'TRX-20260410-00280', 'Stok keluar akibat penjualan (seeded)', '2026-04-10 06:05:00'),
(775, 3, 2, 'keluar', 1, 61, 60, 'TRX-20260410-00280', 'Stok keluar akibat penjualan (seeded)', '2026-04-10 06:05:00'),
(776, 6, 2, 'keluar', 3, 123, 120, 'TRX-20260410-00280', 'Stok keluar akibat penjualan (seeded)', '2026-04-10 06:05:00'),
(777, 11, 2, 'keluar', 2, 102, 100, 'TRX-20260410-00280', 'Stok keluar akibat penjualan (seeded)', '2026-04-10 06:05:00'),
(778, 3, 2, 'keluar', 1, 61, 60, 'TRX-20260410-00282', 'Stok keluar akibat penjualan (seeded)', '2026-04-10 08:15:00'),
(779, 10, 2, 'keluar', 2, 38, 36, 'TRX-20260410-00282', 'Stok keluar akibat penjualan (seeded)', '2026-04-10 08:15:00'),
(780, 3, 2, 'keluar', 5, 65, 60, 'TRX-20260410-00283', 'Stok keluar akibat penjualan (seeded)', '2026-04-10 01:40:00'),
(781, 7, 2, 'keluar', 2, 202, 200, 'TRX-20260410-00283', 'Stok keluar akibat penjualan (seeded)', '2026-04-10 01:40:00'),
(782, 20, 2, 'keluar', 4, 34, 30, 'TRX-20260410-00283', 'Stok keluar akibat penjualan (seeded)', '2026-04-10 01:40:00'),
(783, 4, 3, 'keluar', 4, 84, 80, 'TRX-20260410-00284', 'Stok keluar akibat penjualan (seeded)', '2026-04-10 12:08:00'),
(784, 11, 3, 'keluar', 4, 104, 100, 'TRX-20260410-00284', 'Stok keluar akibat penjualan (seeded)', '2026-04-10 12:08:00'),
(785, 29, 3, 'keluar', 3, 23, 20, 'TRX-20260410-00284', 'Stok keluar akibat penjualan (seeded)', '2026-04-10 12:08:00'),
(786, 15, 3, 'keluar', 2, 42, 40, 'TRX-20260410-00285', 'Stok keluar akibat penjualan (seeded)', '2026-04-10 05:29:00'),
(787, 23, 3, 'keluar', 4, 64, 60, 'TRX-20260410-00285', 'Stok keluar akibat penjualan (seeded)', '2026-04-10 05:29:00'),
(788, 26, 3, 'keluar', 1, 31, 30, 'TRX-20260410-00285', 'Stok keluar akibat penjualan (seeded)', '2026-04-10 05:29:00'),
(789, 6, 3, 'keluar', 5, 125, 120, 'TRX-20260410-00286', 'Stok keluar akibat penjualan (seeded)', '2026-04-10 09:21:00'),
(790, 10, 2, 'keluar', 4, 40, 36, 'TRX-20260410-00287', 'Stok keluar akibat penjualan (seeded)', '2026-04-10 06:22:00'),
(791, 11, 2, 'keluar', 1, 101, 100, 'TRX-20260410-00287', 'Stok keluar akibat penjualan (seeded)', '2026-04-10 06:22:00'),
(792, 20, 2, 'keluar', 3, 33, 30, 'TRX-20260410-00287', 'Stok keluar akibat penjualan (seeded)', '2026-04-10 06:22:00'),
(793, 1, 3, 'keluar', 2, 152, 150, 'TRX-20260411-00288', 'Stok keluar akibat penjualan (seeded)', '2026-04-11 11:59:00'),
(794, 14, 3, 'keluar', 4, 54, 50, 'TRX-20260411-00288', 'Stok keluar akibat penjualan (seeded)', '2026-04-11 11:59:00'),
(795, 17, 3, 'keluar', 1, 26, 25, 'TRX-20260411-00289', 'Stok keluar akibat penjualan (seeded)', '2026-04-11 06:56:00'),
(796, 18, 3, 'keluar', 4, 39, 35, 'TRX-20260411-00289', 'Stok keluar akibat penjualan (seeded)', '2026-04-11 06:56:00'),
(797, 19, 3, 'keluar', 3, 53, 50, 'TRX-20260411-00289', 'Stok keluar akibat penjualan (seeded)', '2026-04-11 06:56:00'),
(798, 25, 3, 'keluar', 1, 4, 3, 'TRX-20260411-00289', 'Stok keluar akibat penjualan (seeded)', '2026-04-11 06:56:00'),
(799, 18, 2, 'keluar', 1, 36, 35, 'TRX-20260411-00290', 'Stok keluar akibat penjualan (seeded)', '2026-04-11 09:24:00'),
(800, 21, 2, 'keluar', 5, 25, 20, 'TRX-20260411-00290', 'Stok keluar akibat penjualan (seeded)', '2026-04-11 09:24:00'),
(801, 24, 2, 'keluar', 1, 41, 40, 'TRX-20260411-00290', 'Stok keluar akibat penjualan (seeded)', '2026-04-11 09:24:00'),
(802, 2, 3, 'keluar', 4, 104, 100, 'TRX-20260411-00291', 'Stok keluar akibat penjualan (seeded)', '2026-04-11 11:53:00'),
(803, 5, 3, 'keluar', 5, 30, 25, 'TRX-20260411-00291', 'Stok keluar akibat penjualan (seeded)', '2026-04-11 11:53:00'),
(804, 21, 3, 'keluar', 4, 24, 20, 'TRX-20260411-00291', 'Stok keluar akibat penjualan (seeded)', '2026-04-11 11:53:00'),
(805, 24, 3, 'keluar', 5, 45, 40, 'TRX-20260411-00291', 'Stok keluar akibat penjualan (seeded)', '2026-04-11 11:53:00'),
(806, 18, 2, 'keluar', 2, 37, 35, 'TRX-20260411-00292', 'Stok keluar akibat penjualan (seeded)', '2026-04-11 09:09:00'),
(807, 30, 2, 'keluar', 2, 52, 50, 'TRX-20260411-00292', 'Stok keluar akibat penjualan (seeded)', '2026-04-11 09:09:00'),
(808, 4, 3, 'keluar', 3, 83, 80, 'TRX-20260411-00293', 'Stok keluar akibat penjualan (seeded)', '2026-04-11 12:54:00'),
(809, 6, 3, 'keluar', 3, 123, 120, 'TRX-20260411-00293', 'Stok keluar akibat penjualan (seeded)', '2026-04-11 12:54:00'),
(810, 24, 3, 'keluar', 2, 42, 40, 'TRX-20260411-00293', 'Stok keluar akibat penjualan (seeded)', '2026-04-11 12:54:00'),
(811, 27, 3, 'keluar', 2, 22, 20, 'TRX-20260411-00293', 'Stok keluar akibat penjualan (seeded)', '2026-04-11 12:54:00'),
(812, 2, 2, 'keluar', 3, 103, 100, 'TRX-20260411-00294', 'Stok keluar akibat penjualan (seeded)', '2026-04-11 07:37:00'),
(813, 24, 2, 'keluar', 3, 43, 40, 'TRX-20260411-00294', 'Stok keluar akibat penjualan (seeded)', '2026-04-11 07:37:00'),
(814, 25, 2, 'keluar', 4, 7, 3, 'TRX-20260411-00294', 'Stok keluar akibat penjualan (seeded)', '2026-04-11 07:37:00'),
(815, 29, 2, 'keluar', 4, 24, 20, 'TRX-20260411-00294', 'Stok keluar akibat penjualan (seeded)', '2026-04-11 07:37:00'),
(816, 10, 2, 'keluar', 4, 40, 36, 'TRX-20260411-00295', 'Stok keluar akibat penjualan (seeded)', '2026-04-11 08:56:00'),
(817, 21, 2, 'keluar', 4, 24, 20, 'TRX-20260411-00295', 'Stok keluar akibat penjualan (seeded)', '2026-04-11 08:56:00'),
(818, 23, 2, 'keluar', 1, 61, 60, 'TRX-20260411-00295', 'Stok keluar akibat penjualan (seeded)', '2026-04-11 08:56:00'),
(819, 26, 2, 'keluar', 4, 34, 30, 'TRX-20260411-00295', 'Stok keluar akibat penjualan (seeded)', '2026-04-11 08:56:00'),
(820, 8, 2, 'keluar', 4, 76, 72, 'TRX-20260411-00296', 'Stok keluar akibat penjualan (seeded)', '2026-04-11 10:50:00'),
(821, 25, 2, 'keluar', 2, 5, 3, 'TRX-20260411-00296', 'Stok keluar akibat penjualan (seeded)', '2026-04-11 10:50:00'),
(822, 26, 2, 'keluar', 2, 32, 30, 'TRX-20260411-00296', 'Stok keluar akibat penjualan (seeded)', '2026-04-11 10:50:00'),
(823, 7, 2, 'keluar', 2, 202, 200, 'TRX-20260411-00297', 'Stok keluar akibat penjualan (seeded)', '2026-04-11 01:31:00'),
(824, 3, 2, 'keluar', 5, 65, 60, 'TRX-20260411-00298', 'Stok keluar akibat penjualan (seeded)', '2026-04-11 01:22:00'),
(825, 14, 2, 'keluar', 3, 53, 50, 'TRX-20260411-00298', 'Stok keluar akibat penjualan (seeded)', '2026-04-11 01:22:00'),
(826, 3, 2, 'keluar', 2, 62, 60, 'TRX-20260411-00299', 'Stok keluar akibat penjualan (seeded)', '2026-04-11 11:30:00'),
(827, 8, 2, 'keluar', 3, 75, 72, 'TRX-20260411-00299', 'Stok keluar akibat penjualan (seeded)', '2026-04-11 11:30:00'),
(828, 15, 2, 'keluar', 4, 44, 40, 'TRX-20260411-00299', 'Stok keluar akibat penjualan (seeded)', '2026-04-11 11:30:00'),
(829, 18, 2, 'keluar', 1, 36, 35, 'TRX-20260411-00299', 'Stok keluar akibat penjualan (seeded)', '2026-04-11 11:30:00'),
(830, 27, 1, 'keluar', 2, 20, 18, 'TRX-20260414-00001', 'Stok keluar akibat penjualan', '2026-04-14 01:02:12'),
(831, 3, 1, 'keluar', 2, 60, 58, 'TRX-20260414-00001', 'Stok keluar akibat penjualan', '2026-04-14 01:02:12'),
(832, 3, 1, 'keluar', 1, 58, 57, 'TRX-20260414-00002', 'Stok keluar akibat penjualan', '2026-04-14 02:41:01'),
(833, 30, 1, 'keluar', 1, 50, 49, 'TRX-20260414-00002', 'Stok keluar akibat penjualan', '2026-04-14 02:41:01');

-- --------------------------------------------------------

--
-- Table structure for table `transaksis`
--

CREATE TABLE `transaksis` (
  `transaksi_id` bigint(20) UNSIGNED NOT NULL,
  `user_id` bigint(20) UNSIGNED NOT NULL,
  `nomor_transaksi` varchar(50) NOT NULL COMMENT 'Format: TRX-YYYYMMDD-XXXXX',
  `tanggal_transaksi` timestamp NOT NULL DEFAULT current_timestamp(),
  `total_harga` decimal(12,2) NOT NULL DEFAULT 0.00 COMMENT 'Total sebelum diskon & pajak',
  `total_diskon` decimal(12,2) NOT NULL DEFAULT 0.00,
  `total_pajak` decimal(12,2) NOT NULL DEFAULT 0.00,
  `total_pembayaran` decimal(12,2) NOT NULL DEFAULT 0.00 COMMENT 'Jumlah akhir yg harus dibayar',
  `jumlah_bayar` decimal(12,2) NOT NULL DEFAULT 0.00 COMMENT 'Uang yang diserahkan pelanggan',
  `kembalian` decimal(12,2) NOT NULL DEFAULT 0.00,
  `metode_pembayaran` enum('cash','cashless','qris','transfer') NOT NULL DEFAULT 'cash',
  `status` enum('selesai','pending','batal') NOT NULL DEFAULT 'pending',
  `catatan` text DEFAULT NULL,
  `device_id` varchar(50) DEFAULT NULL COMMENT 'ID komputer kasir, untuk sinkronisasi offline',
  `is_synced` tinyint(1) NOT NULL DEFAULT 1 COMMENT 'Untuk mode offline, apakah sudah tersinkronkan',
  `created_at` timestamp NULL DEFAULT NULL,
  `updated_at` timestamp NULL DEFAULT NULL
) ENGINE=InnoDB DEFAULT CHARSET=utf8mb4 COLLATE=utf8mb4_unicode_ci;

--
-- Dumping data for table `transaksis`
--

INSERT INTO `transaksis` (`transaksi_id`, `user_id`, `nomor_transaksi`, `tanggal_transaksi`, `total_harga`, `total_diskon`, `total_pajak`, `total_pembayaran`, `jumlah_bayar`, `kembalian`, `metode_pembayaran`, `status`, `catatan`, `device_id`, `is_synced`, `created_at`, `updated_at`) VALUES
(1, 2, 'TRX-20260313-00001', '2026-03-13 07:24:00', 187000.00, 0.00, 0.00, 187000.00, 187000.00, 0.00, 'cashless', 'selesai', NULL, 'KASIR-PC-01', 1, '2026-04-11 01:29:12', '2026-04-11 01:29:12'),
(2, 3, 'TRX-20260313-00002', '2026-03-13 12:27:00', 48000.00, 0.00, 0.00, 48000.00, 49000.00, 1000.00, 'cash', 'selesai', NULL, 'KASIR-PC-01', 1, '2026-04-11 01:29:12', '2026-04-11 01:29:12'),
(3, 3, 'TRX-20260313-00003', '2026-03-13 09:56:00', 167000.00, 0.00, 0.00, 167000.00, 167000.00, 0.00, 'cashless', 'selesai', NULL, 'KASIR-PC-01', 1, '2026-04-11 01:29:12', '2026-04-11 01:29:12'),
(4, 2, 'TRX-20260313-00004', '2026-03-13 01:24:00', 100000.00, 0.00, 0.00, 100000.00, 102000.00, 2000.00, 'cash', 'selesai', NULL, 'KASIR-PC-01', 1, '2026-04-11 01:29:12', '2026-04-11 01:29:12'),
(5, 2, 'TRX-20260313-00005', '2026-03-13 03:06:00', 23500.00, 0.00, 0.00, 23500.00, 23500.00, 0.00, 'cashless', 'selesai', NULL, 'KASIR-PC-01', 1, '2026-04-11 01:29:12', '2026-04-11 01:29:12'),
(6, 3, 'TRX-20260314-00006', '2026-03-14 10:42:00', 102500.00, 0.00, 0.00, 102500.00, 102500.00, 0.00, 'cashless', 'selesai', NULL, 'KASIR-PC-01', 1, '2026-04-11 01:29:12', '2026-04-11 01:29:12'),
(7, 2, 'TRX-20260314-00007', '2026-03-14 09:11:00', 49500.00, 0.00, 0.00, 49500.00, 49500.00, 0.00, 'cashless', 'selesai', NULL, 'KASIR-PC-01', 1, '2026-04-11 01:29:12', '2026-04-11 01:29:12'),
(8, 3, 'TRX-20260314-00008', '2026-03-14 12:58:00', 126000.00, 0.00, 0.00, 126000.00, 126000.00, 0.00, 'cash', 'selesai', NULL, 'KASIR-PC-01', 1, '2026-04-11 01:29:12', '2026-04-11 01:29:12'),
(9, 3, 'TRX-20260314-00009', '2026-03-14 07:54:00', 26000.00, 0.00, 0.00, 26000.00, 29000.00, 3000.00, 'cash', 'selesai', NULL, 'KASIR-PC-01', 1, '2026-04-11 01:29:12', '2026-04-11 01:29:12'),
(10, 2, 'TRX-20260314-00010', '2026-03-14 08:33:00', 83500.00, 0.00, 0.00, 83500.00, 83500.00, 0.00, 'cash', 'selesai', NULL, 'KASIR-PC-01', 1, '2026-04-11 01:29:12', '2026-04-11 01:29:12'),
(11, 3, 'TRX-20260314-00011', '2026-03-14 11:11:00', 24000.00, 0.00, 0.00, 24000.00, 24000.00, 0.00, 'cashless', 'selesai', NULL, 'KASIR-PC-01', 1, '2026-04-11 01:29:12', '2026-04-11 01:29:12'),
(12, 2, 'TRX-20260314-00012', '2026-03-14 03:55:00', 77000.00, 0.00, 0.00, 77000.00, 80000.00, 3000.00, 'cash', 'selesai', NULL, 'KASIR-PC-01', 1, '2026-04-11 01:29:12', '2026-04-11 01:29:12'),
(13, 2, 'TRX-20260314-00013', '2026-03-14 08:45:00', 41000.00, 0.00, 0.00, 41000.00, 41000.00, 0.00, 'cashless', 'selesai', NULL, 'KASIR-PC-01', 1, '2026-04-11 01:29:12', '2026-04-11 01:29:12'),
(14, 2, 'TRX-20260314-00014', '2026-03-14 10:40:00', 40500.00, 0.00, 0.00, 40500.00, 40500.00, 0.00, 'cashless', 'selesai', NULL, 'KASIR-PC-01', 1, '2026-04-11 01:29:12', '2026-04-11 01:29:12'),
(15, 3, 'TRX-20260314-00015', '2026-03-14 07:22:00', 63000.00, 0.00, 0.00, 63000.00, 63000.00, 0.00, 'cashless', 'selesai', NULL, 'KASIR-PC-01', 1, '2026-04-11 01:29:12', '2026-04-11 01:29:12'),
(16, 3, 'TRX-20260314-00016', '2026-03-14 11:12:00', 77000.00, 0.00, 0.00, 77000.00, 0.00, 0.00, 'cashless', 'batal', NULL, 'KASIR-PC-01', 1, '2026-04-11 01:29:13', '2026-04-11 01:29:13'),
(17, 2, 'TRX-20260314-00017', '2026-03-14 09:53:00', 61800.00, 0.00, 0.00, 61800.00, 61800.00, 0.00, 'cashless', 'selesai', NULL, 'KASIR-PC-01', 1, '2026-04-11 01:29:13', '2026-04-11 01:29:13'),
(18, 3, 'TRX-20260314-00018', '2026-03-14 03:37:00', 158000.00, 0.00, 0.00, 158000.00, 159000.00, 1000.00, 'cash', 'selesai', NULL, 'KASIR-PC-01', 1, '2026-04-11 01:29:13', '2026-04-11 01:29:13'),
(19, 3, 'TRX-20260315-00019', '2026-03-15 06:10:00', 31000.00, 0.00, 0.00, 31000.00, 31000.00, 0.00, 'cashless', 'selesai', NULL, 'KASIR-PC-01', 1, '2026-04-11 01:29:13', '2026-04-11 01:29:13'),
(20, 2, 'TRX-20260315-00020', '2026-03-15 02:12:00', 31500.00, 0.00, 0.00, 31500.00, 0.00, 0.00, 'cashless', 'batal', NULL, 'KASIR-PC-01', 1, '2026-04-11 01:29:13', '2026-04-11 01:29:13'),
(21, 2, 'TRX-20260315-00021', '2026-03-15 07:37:00', 83000.00, 0.00, 0.00, 83000.00, 83000.00, 0.00, 'cashless', 'selesai', NULL, 'KASIR-PC-01', 1, '2026-04-11 01:29:13', '2026-04-11 01:29:13'),
(22, 3, 'TRX-20260315-00022', '2026-03-15 03:48:00', 46000.00, 0.00, 0.00, 46000.00, 49000.00, 3000.00, 'cash', 'selesai', NULL, 'KASIR-PC-01', 1, '2026-04-11 01:29:13', '2026-04-11 01:29:13'),
(23, 2, 'TRX-20260315-00023', '2026-03-15 06:28:00', 54100.00, 0.00, 0.00, 54100.00, 54100.00, 0.00, 'cashless', 'selesai', NULL, 'KASIR-PC-01', 1, '2026-04-11 01:29:13', '2026-04-11 01:29:13'),
(24, 2, 'TRX-20260316-00024', '2026-03-16 03:18:00', 49500.00, 0.00, 0.00, 49500.00, 49500.00, 0.00, 'cashless', 'selesai', NULL, 'KASIR-PC-01', 1, '2026-04-11 01:29:13', '2026-04-11 01:29:13'),
(25, 2, 'TRX-20260316-00025', '2026-03-16 05:58:00', 151000.00, 0.00, 0.00, 151000.00, 152000.00, 1000.00, 'cash', 'selesai', NULL, 'KASIR-PC-01', 1, '2026-04-11 01:29:13', '2026-04-11 01:29:13'),
(26, 2, 'TRX-20260316-00026', '2026-03-16 12:07:00', 89000.00, 0.00, 0.00, 89000.00, 92000.00, 3000.00, 'cash', 'selesai', NULL, 'KASIR-PC-01', 1, '2026-04-11 01:29:13', '2026-04-11 01:29:13'),
(27, 2, 'TRX-20260316-00027', '2026-03-16 07:03:00', 25000.00, 0.00, 0.00, 25000.00, 25000.00, 0.00, 'cashless', 'selesai', NULL, 'KASIR-PC-01', 1, '2026-04-11 01:29:13', '2026-04-11 01:29:13'),
(28, 2, 'TRX-20260316-00028', '2026-03-16 05:26:00', 25000.00, 0.00, 0.00, 25000.00, 25000.00, 0.00, 'cash', 'selesai', NULL, 'KASIR-PC-01', 1, '2026-04-11 01:29:13', '2026-04-11 01:29:13'),
(29, 3, 'TRX-20260316-00029', '2026-03-16 10:41:00', 9600.00, 0.00, 0.00, 9600.00, 11600.00, 2000.00, 'cash', 'selesai', NULL, 'KASIR-PC-01', 1, '2026-04-11 01:29:13', '2026-04-11 01:29:13'),
(30, 2, 'TRX-20260316-00030', '2026-03-16 03:03:00', 123000.00, 0.00, 0.00, 123000.00, 123000.00, 0.00, 'cashless', 'selesai', NULL, 'KASIR-PC-01', 1, '2026-04-11 01:29:13', '2026-04-11 01:29:13'),
(31, 2, 'TRX-20260316-00031', '2026-03-16 03:46:00', 130000.00, 0.00, 0.00, 130000.00, 130000.00, 0.00, 'cashless', 'selesai', NULL, 'KASIR-PC-01', 1, '2026-04-11 01:29:13', '2026-04-11 01:29:13'),
(32, 3, 'TRX-20260317-00032', '2026-03-17 03:20:00', 164000.00, 0.00, 0.00, 164000.00, 164000.00, 0.00, 'cashless', 'selesai', NULL, 'KASIR-PC-01', 1, '2026-04-11 01:29:13', '2026-04-11 01:29:13'),
(33, 3, 'TRX-20260317-00033', '2026-03-17 02:33:00', 93000.00, 0.00, 0.00, 93000.00, 94000.00, 1000.00, 'cash', 'selesai', NULL, 'KASIR-PC-01', 1, '2026-04-11 01:29:13', '2026-04-11 01:29:13'),
(34, 2, 'TRX-20260317-00034', '2026-03-17 12:53:00', 43000.00, 0.00, 0.00, 43000.00, 0.00, 0.00, 'cash', 'batal', NULL, 'KASIR-PC-01', 1, '2026-04-11 01:29:14', '2026-04-11 01:29:14'),
(35, 3, 'TRX-20260317-00035', '2026-03-17 04:18:00', 15000.00, 0.00, 0.00, 15000.00, 15000.00, 0.00, 'cashless', 'selesai', NULL, 'KASIR-PC-01', 1, '2026-04-11 01:29:14', '2026-04-11 01:29:14'),
(36, 2, 'TRX-20260317-00036', '2026-03-17 10:00:00', 154000.00, 0.00, 0.00, 154000.00, 157000.00, 3000.00, 'cash', 'selesai', NULL, 'KASIR-PC-01', 1, '2026-04-11 01:29:14', '2026-04-11 01:29:14'),
(37, 2, 'TRX-20260317-00037', '2026-03-17 05:53:00', 10500.00, 0.00, 0.00, 10500.00, 10500.00, 0.00, 'cashless', 'selesai', NULL, 'KASIR-PC-01', 1, '2026-04-11 01:29:14', '2026-04-11 01:29:14'),
(38, 2, 'TRX-20260317-00038', '2026-03-17 07:34:00', 91000.00, 0.00, 0.00, 91000.00, 93000.00, 2000.00, 'cash', 'selesai', NULL, 'KASIR-PC-01', 1, '2026-04-11 01:29:14', '2026-04-11 01:29:14'),
(39, 3, 'TRX-20260317-00039', '2026-03-17 13:28:00', 42000.00, 0.00, 0.00, 42000.00, 42000.00, 0.00, 'cashless', 'selesai', NULL, 'KASIR-PC-01', 1, '2026-04-11 01:29:14', '2026-04-11 01:29:14'),
(40, 2, 'TRX-20260317-00040', '2026-03-17 03:55:00', 77500.00, 0.00, 0.00, 77500.00, 77500.00, 0.00, 'cash', 'selesai', NULL, 'KASIR-PC-01', 1, '2026-04-11 01:29:14', '2026-04-11 01:29:14'),
(41, 3, 'TRX-20260317-00041', '2026-03-17 08:18:00', 5000.00, 0.00, 0.00, 5000.00, 5000.00, 0.00, 'cashless', 'selesai', NULL, 'KASIR-PC-01', 1, '2026-04-11 01:29:14', '2026-04-11 01:29:14'),
(42, 2, 'TRX-20260317-00042', '2026-03-17 01:55:00', 93000.00, 0.00, 0.00, 93000.00, 93000.00, 0.00, 'cashless', 'selesai', NULL, 'KASIR-PC-01', 1, '2026-04-11 01:29:14', '2026-04-11 01:29:14'),
(43, 3, 'TRX-20260317-00043', '2026-03-17 06:13:00', 161000.00, 0.00, 0.00, 161000.00, 161000.00, 0.00, 'cashless', 'selesai', NULL, 'KASIR-PC-01', 1, '2026-04-11 01:29:14', '2026-04-11 01:29:14'),
(44, 2, 'TRX-20260317-00044', '2026-03-17 11:43:00', 126000.00, 0.00, 0.00, 126000.00, 128000.00, 2000.00, 'cash', 'selesai', NULL, 'KASIR-PC-01', 1, '2026-04-11 01:29:14', '2026-04-11 01:29:14'),
(45, 3, 'TRX-20260317-00045', '2026-03-17 01:46:00', 114000.00, 0.00, 0.00, 114000.00, 114000.00, 0.00, 'cashless', 'selesai', NULL, 'KASIR-PC-01', 1, '2026-04-11 01:29:14', '2026-04-11 01:29:14'),
(46, 3, 'TRX-20260318-00046', '2026-03-18 06:23:00', 41200.00, 0.00, 0.00, 41200.00, 41200.00, 0.00, 'cashless', 'selesai', NULL, 'KASIR-PC-01', 1, '2026-04-11 01:29:14', '2026-04-11 01:29:14'),
(47, 3, 'TRX-20260318-00047', '2026-03-18 06:47:00', 12800.00, 0.00, 0.00, 12800.00, 12800.00, 0.00, 'cashless', 'selesai', NULL, 'KASIR-PC-01', 1, '2026-04-11 01:29:14', '2026-04-11 01:29:14'),
(48, 3, 'TRX-20260318-00048', '2026-03-18 07:27:00', 50700.00, 0.00, 0.00, 50700.00, 50700.00, 0.00, 'cashless', 'selesai', NULL, 'KASIR-PC-01', 1, '2026-04-11 01:29:14', '2026-04-11 01:29:14'),
(49, 2, 'TRX-20260318-00049', '2026-03-18 02:34:00', 73000.00, 0.00, 0.00, 73000.00, 73000.00, 0.00, 'cashless', 'selesai', NULL, 'KASIR-PC-01', 1, '2026-04-11 01:29:14', '2026-04-11 01:29:14'),
(50, 3, 'TRX-20260318-00050', '2026-03-18 01:23:00', 152000.00, 0.00, 0.00, 152000.00, 152000.00, 0.00, 'cash', 'selesai', NULL, 'KASIR-PC-01', 1, '2026-04-11 01:29:14', '2026-04-11 01:29:14'),
(51, 3, 'TRX-20260318-00051', '2026-03-18 04:30:00', 80800.00, 0.00, 0.00, 80800.00, 80800.00, 0.00, 'cashless', 'selesai', NULL, 'KASIR-PC-01', 1, '2026-04-11 01:29:15', '2026-04-11 01:29:15'),
(52, 3, 'TRX-20260318-00052', '2026-03-18 07:57:00', 115000.00, 0.00, 0.00, 115000.00, 117000.00, 2000.00, 'cash', 'selesai', NULL, 'KASIR-PC-01', 1, '2026-04-11 01:29:15', '2026-04-11 01:29:15'),
(53, 3, 'TRX-20260318-00053', '2026-03-18 08:06:00', 21000.00, 0.00, 0.00, 21000.00, 21000.00, 0.00, 'cashless', 'selesai', NULL, 'KASIR-PC-01', 1, '2026-04-11 01:29:15', '2026-04-11 01:29:15'),
(54, 2, 'TRX-20260318-00054', '2026-03-18 06:27:00', 50500.00, 0.00, 0.00, 50500.00, 50500.00, 0.00, 'cashless', 'selesai', NULL, 'KASIR-PC-01', 1, '2026-04-11 01:29:15', '2026-04-11 01:29:15'),
(55, 2, 'TRX-20260318-00055', '2026-03-18 07:46:00', 96000.00, 0.00, 0.00, 96000.00, 96000.00, 0.00, 'cashless', 'selesai', NULL, 'KASIR-PC-01', 1, '2026-04-11 01:29:15', '2026-04-11 01:29:15'),
(56, 2, 'TRX-20260318-00056', '2026-03-18 05:16:00', 104000.00, 0.00, 0.00, 104000.00, 107000.00, 3000.00, 'cash', 'selesai', NULL, 'KASIR-PC-01', 1, '2026-04-11 01:29:15', '2026-04-11 01:29:15'),
(57, 3, 'TRX-20260318-00057', '2026-03-18 12:08:00', 70000.00, 0.00, 0.00, 70000.00, 73000.00, 3000.00, 'cash', 'selesai', NULL, 'KASIR-PC-01', 1, '2026-04-11 01:29:15', '2026-04-11 01:29:15'),
(58, 2, 'TRX-20260318-00058', '2026-03-18 02:52:00', 58500.00, 0.00, 0.00, 58500.00, 58500.00, 0.00, 'cashless', 'selesai', NULL, 'KASIR-PC-01', 1, '2026-04-11 01:29:15', '2026-04-11 01:29:15'),
(59, 3, 'TRX-20260318-00059', '2026-03-18 11:28:00', 42000.00, 0.00, 0.00, 42000.00, 43000.00, 1000.00, 'cash', 'selesai', NULL, 'KASIR-PC-01', 1, '2026-04-11 01:29:15', '2026-04-11 01:29:15'),
(60, 3, 'TRX-20260319-00060', '2026-03-19 13:44:00', 196500.00, 0.00, 0.00, 196500.00, 196500.00, 0.00, 'cash', 'selesai', NULL, 'KASIR-PC-01', 1, '2026-04-11 01:29:15', '2026-04-11 01:29:15'),
(61, 2, 'TRX-20260319-00061', '2026-03-19 01:57:00', 39500.00, 0.00, 0.00, 39500.00, 39500.00, 0.00, 'cashless', 'selesai', NULL, 'KASIR-PC-01', 1, '2026-04-11 01:29:15', '2026-04-11 01:29:15'),
(62, 2, 'TRX-20260319-00062', '2026-03-19 09:12:00', 59500.00, 0.00, 0.00, 59500.00, 59500.00, 0.00, 'cash', 'selesai', NULL, 'KASIR-PC-01', 1, '2026-04-11 01:29:15', '2026-04-11 01:29:15'),
(63, 3, 'TRX-20260319-00063', '2026-03-19 08:51:00', 100500.00, 0.00, 0.00, 100500.00, 103500.00, 3000.00, 'cash', 'selesai', NULL, 'KASIR-PC-01', 1, '2026-04-11 01:29:15', '2026-04-11 01:29:15'),
(64, 3, 'TRX-20260319-00064', '2026-03-19 08:37:00', 143300.00, 0.00, 0.00, 143300.00, 143300.00, 0.00, 'cashless', 'selesai', NULL, 'KASIR-PC-01', 1, '2026-04-11 01:29:15', '2026-04-11 01:29:15'),
(65, 3, 'TRX-20260319-00065', '2026-03-19 12:44:00', 182500.00, 0.00, 0.00, 182500.00, 185500.00, 3000.00, 'cash', 'selesai', NULL, 'KASIR-PC-01', 1, '2026-04-11 01:29:16', '2026-04-11 01:29:16'),
(66, 2, 'TRX-20260320-00066', '2026-03-20 10:54:00', 81500.00, 0.00, 0.00, 81500.00, 81500.00, 0.00, 'cashless', 'selesai', NULL, 'KASIR-PC-01', 1, '2026-04-11 01:29:16', '2026-04-11 01:29:16'),
(67, 2, 'TRX-20260320-00067', '2026-03-20 01:13:00', 130500.00, 0.00, 0.00, 130500.00, 130500.00, 0.00, 'cashless', 'selesai', NULL, 'KASIR-PC-01', 1, '2026-04-11 01:29:16', '2026-04-11 01:29:16'),
(68, 2, 'TRX-20260320-00068', '2026-03-20 07:37:00', 283000.00, 0.00, 0.00, 283000.00, 284000.00, 1000.00, 'cash', 'selesai', NULL, 'KASIR-PC-01', 1, '2026-04-11 01:29:16', '2026-04-11 01:29:16'),
(69, 2, 'TRX-20260320-00069', '2026-03-20 06:09:00', 147000.00, 0.00, 0.00, 147000.00, 148000.00, 1000.00, 'cash', 'selesai', NULL, 'KASIR-PC-01', 1, '2026-04-11 01:29:16', '2026-04-11 01:29:16'),
(70, 3, 'TRX-20260320-00070', '2026-03-20 05:41:00', 10000.00, 0.00, 0.00, 10000.00, 10000.00, 0.00, 'cashless', 'selesai', NULL, 'KASIR-PC-01', 1, '2026-04-11 01:29:16', '2026-04-11 01:29:16'),
(71, 3, 'TRX-20260320-00071', '2026-03-20 08:15:00', 106000.00, 0.00, 0.00, 106000.00, 107000.00, 1000.00, 'cash', 'selesai', NULL, 'KASIR-PC-01', 1, '2026-04-11 01:29:16', '2026-04-11 01:29:16'),
(72, 3, 'TRX-20260320-00072', '2026-03-20 13:22:00', 182500.00, 0.00, 0.00, 182500.00, 184500.00, 2000.00, 'cash', 'selesai', NULL, 'KASIR-PC-01', 1, '2026-04-11 01:29:16', '2026-04-11 01:29:16'),
(73, 2, 'TRX-20260320-00073', '2026-03-20 03:34:00', 149400.00, 0.00, 0.00, 149400.00, 149400.00, 0.00, 'cashless', 'selesai', NULL, 'KASIR-PC-01', 1, '2026-04-11 01:29:16', '2026-04-11 01:29:16'),
(74, 3, 'TRX-20260321-00074', '2026-03-21 02:02:00', 54000.00, 0.00, 0.00, 54000.00, 54000.00, 0.00, 'cashless', 'selesai', NULL, 'KASIR-PC-01', 1, '2026-04-11 01:29:16', '2026-04-11 01:29:16'),
(75, 3, 'TRX-20260321-00075', '2026-03-21 02:42:00', 45000.00, 0.00, 0.00, 45000.00, 0.00, 0.00, 'cash', 'batal', NULL, 'KASIR-PC-01', 1, '2026-04-11 01:29:16', '2026-04-11 01:29:16'),
(76, 3, 'TRX-20260321-00076', '2026-03-21 03:34:00', 37500.00, 0.00, 0.00, 37500.00, 37500.00, 0.00, 'cash', 'selesai', NULL, 'KASIR-PC-01', 1, '2026-04-11 01:29:16', '2026-04-11 01:29:16'),
(77, 2, 'TRX-20260321-00077', '2026-03-21 03:28:00', 10500.00, 0.00, 0.00, 10500.00, 10500.00, 0.00, 'cashless', 'selesai', NULL, 'KASIR-PC-01', 1, '2026-04-11 01:29:16', '2026-04-11 01:29:16'),
(78, 3, 'TRX-20260321-00078', '2026-03-21 01:09:00', 11000.00, 0.00, 0.00, 11000.00, 12000.00, 1000.00, 'cash', 'selesai', NULL, 'KASIR-PC-01', 1, '2026-04-11 01:29:17', '2026-04-11 01:29:17'),
(79, 3, 'TRX-20260321-00079', '2026-03-21 05:57:00', 78000.00, 0.00, 0.00, 78000.00, 78000.00, 0.00, 'cash', 'selesai', NULL, 'KASIR-PC-01', 1, '2026-04-11 01:29:17', '2026-04-11 01:29:17'),
(80, 3, 'TRX-20260321-00080', '2026-03-21 12:40:00', 49000.00, 0.00, 0.00, 49000.00, 51000.00, 2000.00, 'cash', 'selesai', NULL, 'KASIR-PC-01', 1, '2026-04-11 01:29:17', '2026-04-11 01:29:17'),
(81, 2, 'TRX-20260321-00081', '2026-03-21 10:52:00', 122500.00, 0.00, 0.00, 122500.00, 125500.00, 3000.00, 'cash', 'selesai', NULL, 'KASIR-PC-01', 1, '2026-04-11 01:29:17', '2026-04-11 01:29:17'),
(82, 2, 'TRX-20260322-00082', '2026-03-22 12:05:00', 27500.00, 0.00, 0.00, 27500.00, 27500.00, 0.00, 'cash', 'selesai', NULL, 'KASIR-PC-01', 1, '2026-04-11 01:29:17', '2026-04-11 01:29:17'),
(83, 2, 'TRX-20260322-00083', '2026-03-22 12:05:00', 201000.00, 0.00, 0.00, 201000.00, 201000.00, 0.00, 'cashless', 'selesai', NULL, 'KASIR-PC-01', 1, '2026-04-11 01:29:17', '2026-04-11 01:29:17'),
(84, 2, 'TRX-20260322-00084', '2026-03-22 09:09:00', 200500.00, 0.00, 0.00, 200500.00, 203500.00, 3000.00, 'cash', 'selesai', NULL, 'KASIR-PC-01', 1, '2026-04-11 01:29:17', '2026-04-11 01:29:17'),
(85, 3, 'TRX-20260322-00085', '2026-03-22 02:20:00', 167500.00, 0.00, 0.00, 167500.00, 0.00, 0.00, 'cash', 'batal', NULL, 'KASIR-PC-01', 1, '2026-04-11 01:29:18', '2026-04-11 01:29:18'),
(86, 3, 'TRX-20260322-00086', '2026-03-22 01:12:00', 176500.00, 0.00, 0.00, 176500.00, 179500.00, 3000.00, 'cash', 'selesai', NULL, 'KASIR-PC-01', 1, '2026-04-11 01:29:19', '2026-04-11 01:29:19'),
(87, 2, 'TRX-20260322-00087', '2026-03-22 06:15:00', 102700.00, 0.00, 0.00, 102700.00, 102700.00, 0.00, 'cashless', 'selesai', NULL, 'KASIR-PC-01', 1, '2026-04-11 01:29:20', '2026-04-11 01:29:20'),
(88, 2, 'TRX-20260322-00088', '2026-03-22 03:47:00', 13000.00, 0.00, 0.00, 13000.00, 16000.00, 3000.00, 'cash', 'selesai', NULL, 'KASIR-PC-01', 1, '2026-04-11 01:29:20', '2026-04-11 01:29:20'),
(89, 3, 'TRX-20260322-00089', '2026-03-22 09:26:00', 113000.00, 0.00, 0.00, 113000.00, 0.00, 0.00, 'cash', 'batal', NULL, 'KASIR-PC-01', 1, '2026-04-11 01:29:20', '2026-04-11 01:29:20'),
(90, 3, 'TRX-20260322-00090', '2026-03-22 07:36:00', 18000.00, 0.00, 0.00, 18000.00, 18000.00, 0.00, 'cashless', 'selesai', NULL, 'KASIR-PC-01', 1, '2026-04-11 01:29:20', '2026-04-11 01:29:20'),
(91, 2, 'TRX-20260323-00091', '2026-03-23 05:36:00', 80000.00, 0.00, 0.00, 80000.00, 80000.00, 0.00, 'cashless', 'selesai', NULL, 'KASIR-PC-01', 1, '2026-04-11 01:29:20', '2026-04-11 01:29:20'),
(92, 2, 'TRX-20260323-00092', '2026-03-23 13:13:00', 65000.00, 0.00, 0.00, 65000.00, 67000.00, 2000.00, 'cash', 'selesai', NULL, 'KASIR-PC-01', 1, '2026-04-11 01:29:20', '2026-04-11 01:29:20'),
(93, 2, 'TRX-20260323-00093', '2026-03-23 05:43:00', 95000.00, 0.00, 0.00, 95000.00, 0.00, 0.00, 'cash', 'batal', NULL, 'KASIR-PC-01', 1, '2026-04-11 01:29:20', '2026-04-11 01:29:20'),
(94, 3, 'TRX-20260323-00094', '2026-03-23 08:39:00', 89000.00, 0.00, 0.00, 89000.00, 90000.00, 1000.00, 'cash', 'selesai', NULL, 'KASIR-PC-01', 1, '2026-04-11 01:29:20', '2026-04-11 01:29:20'),
(95, 3, 'TRX-20260323-00095', '2026-03-23 07:02:00', 290000.00, 0.00, 0.00, 290000.00, 290000.00, 0.00, 'cashless', 'selesai', NULL, 'KASIR-PC-01', 1, '2026-04-11 01:29:20', '2026-04-11 01:29:20'),
(96, 3, 'TRX-20260323-00096', '2026-03-23 01:07:00', 64000.00, 0.00, 0.00, 64000.00, 64000.00, 0.00, 'cashless', 'selesai', NULL, 'KASIR-PC-01', 1, '2026-04-11 01:29:20', '2026-04-11 01:29:20'),
(97, 2, 'TRX-20260323-00097', '2026-03-23 05:34:00', 80500.00, 0.00, 0.00, 80500.00, 80500.00, 0.00, 'cashless', 'selesai', NULL, 'KASIR-PC-01', 1, '2026-04-11 01:29:20', '2026-04-11 01:29:20'),
(98, 2, 'TRX-20260323-00098', '2026-03-23 03:15:00', 121000.00, 0.00, 0.00, 121000.00, 0.00, 0.00, 'cash', 'batal', NULL, 'KASIR-PC-01', 1, '2026-04-11 01:29:20', '2026-04-11 01:29:20'),
(99, 2, 'TRX-20260323-00099', '2026-03-23 09:34:00', 158000.00, 0.00, 0.00, 158000.00, 158000.00, 0.00, 'cashless', 'selesai', NULL, 'KASIR-PC-01', 1, '2026-04-11 01:29:20', '2026-04-11 01:29:20'),
(100, 3, 'TRX-20260323-00100', '2026-03-23 02:38:00', 174000.00, 0.00, 0.00, 174000.00, 174000.00, 0.00, 'cashless', 'selesai', NULL, 'KASIR-PC-01', 1, '2026-04-11 01:29:20', '2026-04-11 01:29:20'),
(101, 2, 'TRX-20260324-00101', '2026-03-24 10:02:00', 94500.00, 0.00, 0.00, 94500.00, 94500.00, 0.00, 'cashless', 'selesai', NULL, 'KASIR-PC-01', 1, '2026-04-11 01:29:20', '2026-04-11 01:29:20'),
(102, 3, 'TRX-20260324-00102', '2026-03-24 03:05:00', 7000.00, 0.00, 0.00, 7000.00, 0.00, 0.00, 'cashless', 'batal', NULL, 'KASIR-PC-01', 1, '2026-04-11 01:29:20', '2026-04-11 01:29:20'),
(103, 3, 'TRX-20260324-00103', '2026-03-24 12:38:00', 50500.00, 0.00, 0.00, 50500.00, 50500.00, 0.00, 'cashless', 'selesai', NULL, 'KASIR-PC-01', 1, '2026-04-11 01:29:20', '2026-04-11 01:29:20'),
(104, 3, 'TRX-20260324-00104', '2026-03-24 12:04:00', 105000.00, 0.00, 0.00, 105000.00, 105000.00, 0.00, 'cashless', 'selesai', NULL, 'KASIR-PC-01', 1, '2026-04-11 01:29:20', '2026-04-11 01:29:20'),
(105, 3, 'TRX-20260324-00105', '2026-03-24 09:18:00', 10000.00, 0.00, 0.00, 10000.00, 10000.00, 0.00, 'cashless', 'selesai', NULL, 'KASIR-PC-01', 1, '2026-04-11 01:29:20', '2026-04-11 01:29:20'),
(106, 3, 'TRX-20260324-00106', '2026-03-24 02:06:00', 84500.00, 0.00, 0.00, 84500.00, 84500.00, 0.00, 'cash', 'selesai', NULL, 'KASIR-PC-01', 1, '2026-04-11 01:29:20', '2026-04-11 01:29:20'),
(107, 2, 'TRX-20260324-00107', '2026-03-24 01:40:00', 114000.00, 0.00, 0.00, 114000.00, 117000.00, 3000.00, 'cash', 'selesai', NULL, 'KASIR-PC-01', 1, '2026-04-11 01:29:21', '2026-04-11 01:29:21'),
(108, 3, 'TRX-20260324-00108', '2026-03-24 08:55:00', 78500.00, 0.00, 0.00, 78500.00, 78500.00, 0.00, 'cashless', 'selesai', NULL, 'KASIR-PC-01', 1, '2026-04-11 01:29:21', '2026-04-11 01:29:21'),
(109, 3, 'TRX-20260324-00109', '2026-03-24 02:13:00', 59500.00, 0.00, 0.00, 59500.00, 0.00, 0.00, 'cashless', 'batal', NULL, 'KASIR-PC-01', 1, '2026-04-11 01:29:21', '2026-04-11 01:29:21'),
(110, 2, 'TRX-20260324-00110', '2026-03-24 07:15:00', 52000.00, 0.00, 0.00, 52000.00, 52000.00, 0.00, 'cashless', 'selesai', NULL, 'KASIR-PC-01', 1, '2026-04-11 01:29:21', '2026-04-11 01:29:21'),
(111, 3, 'TRX-20260325-00111', '2026-03-25 08:36:00', 5000.00, 0.00, 0.00, 5000.00, 5000.00, 0.00, 'cashless', 'selesai', NULL, 'KASIR-PC-01', 1, '2026-04-11 01:29:21', '2026-04-11 01:29:21'),
(112, 3, 'TRX-20260325-00112', '2026-03-25 01:38:00', 62400.00, 0.00, 0.00, 62400.00, 62400.00, 0.00, 'cash', 'selesai', NULL, 'KASIR-PC-01', 1, '2026-04-11 01:29:21', '2026-04-11 01:29:21'),
(113, 2, 'TRX-20260325-00113', '2026-03-25 06:53:00', 58800.00, 0.00, 0.00, 58800.00, 58800.00, 0.00, 'cash', 'selesai', NULL, 'KASIR-PC-01', 1, '2026-04-11 01:29:21', '2026-04-11 01:29:21'),
(114, 2, 'TRX-20260325-00114', '2026-03-25 09:51:00', 66000.00, 0.00, 0.00, 66000.00, 66000.00, 0.00, 'cash', 'selesai', NULL, 'KASIR-PC-01', 1, '2026-04-11 01:29:21', '2026-04-11 01:29:21'),
(115, 2, 'TRX-20260325-00115', '2026-03-25 01:26:00', 16000.00, 0.00, 0.00, 16000.00, 18000.00, 2000.00, 'cash', 'selesai', NULL, 'KASIR-PC-01', 1, '2026-04-11 01:29:21', '2026-04-11 01:29:21'),
(116, 2, 'TRX-20260325-00116', '2026-03-25 09:44:00', 64000.00, 0.00, 0.00, 64000.00, 67000.00, 3000.00, 'cash', 'selesai', NULL, 'KASIR-PC-01', 1, '2026-04-11 01:29:21', '2026-04-11 01:29:21'),
(117, 3, 'TRX-20260325-00117', '2026-03-25 05:35:00', 119000.00, 0.00, 0.00, 119000.00, 121000.00, 2000.00, 'cash', 'selesai', NULL, 'KASIR-PC-01', 1, '2026-04-11 01:29:21', '2026-04-11 01:29:21'),
(118, 2, 'TRX-20260325-00118', '2026-03-25 09:35:00', 31000.00, 0.00, 0.00, 31000.00, 33000.00, 2000.00, 'cash', 'selesai', NULL, 'KASIR-PC-01', 1, '2026-04-11 01:29:21', '2026-04-11 01:29:21'),
(119, 2, 'TRX-20260325-00119', '2026-03-25 07:47:00', 78000.00, 0.00, 0.00, 78000.00, 78000.00, 0.00, 'cashless', 'selesai', NULL, 'KASIR-PC-01', 1, '2026-04-11 01:29:21', '2026-04-11 01:29:21'),
(120, 2, 'TRX-20260325-00120', '2026-03-25 01:19:00', 101000.00, 0.00, 0.00, 101000.00, 101000.00, 0.00, 'cashless', 'selesai', NULL, 'KASIR-PC-01', 1, '2026-04-11 01:29:21', '2026-04-11 01:29:21'),
(121, 2, 'TRX-20260325-00121', '2026-03-25 11:40:00', 131500.00, 0.00, 0.00, 131500.00, 133500.00, 2000.00, 'cash', 'selesai', NULL, 'KASIR-PC-01', 1, '2026-04-11 01:29:21', '2026-04-11 01:29:21'),
(122, 3, 'TRX-20260325-00122', '2026-03-25 05:54:00', 80500.00, 0.00, 0.00, 80500.00, 80500.00, 0.00, 'cashless', 'selesai', NULL, 'KASIR-PC-01', 1, '2026-04-11 01:29:22', '2026-04-11 01:29:22'),
(123, 3, 'TRX-20260325-00123', '2026-03-25 11:44:00', 28000.00, 0.00, 0.00, 28000.00, 28000.00, 0.00, 'cashless', 'selesai', NULL, 'KASIR-PC-01', 1, '2026-04-11 01:29:24', '2026-04-11 01:29:24'),
(124, 2, 'TRX-20260325-00124', '2026-03-25 08:55:00', 48000.00, 0.00, 0.00, 48000.00, 51000.00, 3000.00, 'cash', 'selesai', NULL, 'KASIR-PC-01', 1, '2026-04-11 01:29:24', '2026-04-11 01:29:24'),
(125, 2, 'TRX-20260325-00125', '2026-03-25 06:03:00', 58000.00, 0.00, 0.00, 58000.00, 58000.00, 0.00, 'cash', 'selesai', NULL, 'KASIR-PC-01', 1, '2026-04-11 01:29:24', '2026-04-11 01:29:24'),
(126, 3, 'TRX-20260326-00126', '2026-03-26 13:19:00', 109500.00, 0.00, 0.00, 109500.00, 110500.00, 1000.00, 'cash', 'selesai', NULL, 'KASIR-PC-01', 1, '2026-04-11 01:29:24', '2026-04-11 01:29:24'),
(127, 3, 'TRX-20260326-00127', '2026-03-26 06:18:00', 86900.00, 0.00, 0.00, 86900.00, 86900.00, 0.00, 'cashless', 'selesai', NULL, 'KASIR-PC-01', 1, '2026-04-11 01:29:24', '2026-04-11 01:29:24'),
(128, 3, 'TRX-20260326-00128', '2026-03-26 09:12:00', 77000.00, 0.00, 0.00, 77000.00, 77000.00, 0.00, 'cashless', 'selesai', NULL, 'KASIR-PC-01', 1, '2026-04-11 01:29:25', '2026-04-11 01:29:25'),
(129, 2, 'TRX-20260326-00129', '2026-03-26 01:36:00', 142000.00, 0.00, 0.00, 142000.00, 142000.00, 0.00, 'cash', 'selesai', NULL, 'KASIR-PC-01', 1, '2026-04-11 01:29:25', '2026-04-11 01:29:25'),
(130, 3, 'TRX-20260326-00130', '2026-03-26 06:07:00', 138000.00, 0.00, 0.00, 138000.00, 138000.00, 0.00, 'cashless', 'selesai', NULL, 'KASIR-PC-01', 1, '2026-04-11 01:29:25', '2026-04-11 01:29:25'),
(131, 2, 'TRX-20260326-00131', '2026-03-26 11:20:00', 37000.00, 0.00, 0.00, 37000.00, 37000.00, 0.00, 'cashless', 'selesai', NULL, 'KASIR-PC-01', 1, '2026-04-11 01:29:25', '2026-04-11 01:29:25'),
(132, 3, 'TRX-20260326-00132', '2026-03-26 10:22:00', 78000.00, 0.00, 0.00, 78000.00, 79000.00, 1000.00, 'cash', 'selesai', NULL, 'KASIR-PC-01', 1, '2026-04-11 01:29:25', '2026-04-11 01:29:25'),
(133, 3, 'TRX-20260326-00133', '2026-03-26 02:11:00', 111500.00, 0.00, 0.00, 111500.00, 112500.00, 1000.00, 'cash', 'selesai', NULL, 'KASIR-PC-01', 1, '2026-04-11 01:29:25', '2026-04-11 01:29:25'),
(134, 2, 'TRX-20260326-00134', '2026-03-26 03:36:00', 122000.00, 0.00, 0.00, 122000.00, 122000.00, 0.00, 'cash', 'selesai', NULL, 'KASIR-PC-01', 1, '2026-04-11 01:29:25', '2026-04-11 01:29:25'),
(135, 2, 'TRX-20260327-00135', '2026-03-27 06:33:00', 100000.00, 0.00, 0.00, 100000.00, 102000.00, 2000.00, 'cash', 'selesai', NULL, 'KASIR-PC-01', 1, '2026-04-11 01:29:25', '2026-04-11 01:29:25'),
(136, 3, 'TRX-20260327-00136', '2026-03-27 10:59:00', 82000.00, 0.00, 0.00, 82000.00, 0.00, 0.00, 'cashless', 'batal', NULL, 'KASIR-PC-01', 1, '2026-04-11 01:29:26', '2026-04-11 01:29:26'),
(137, 3, 'TRX-20260327-00137', '2026-03-27 06:32:00', 108500.00, 0.00, 0.00, 108500.00, 108500.00, 0.00, 'cashless', 'selesai', NULL, 'KASIR-PC-01', 1, '2026-04-11 01:29:26', '2026-04-11 01:29:26'),
(138, 3, 'TRX-20260327-00138', '2026-03-27 13:18:00', 66000.00, 0.00, 0.00, 66000.00, 66000.00, 0.00, 'cashless', 'selesai', NULL, 'KASIR-PC-01', 1, '2026-04-11 01:29:26', '2026-04-11 01:29:26'),
(139, 3, 'TRX-20260327-00139', '2026-03-27 08:32:00', 181500.00, 0.00, 0.00, 181500.00, 182500.00, 1000.00, 'cash', 'selesai', NULL, 'KASIR-PC-01', 1, '2026-04-11 01:29:26', '2026-04-11 01:29:26'),
(140, 3, 'TRX-20260327-00140', '2026-03-27 03:20:00', 3500.00, 0.00, 0.00, 3500.00, 4500.00, 1000.00, 'cash', 'selesai', NULL, 'KASIR-PC-01', 1, '2026-04-11 01:29:26', '2026-04-11 01:29:26'),
(141, 3, 'TRX-20260327-00141', '2026-03-27 06:43:00', 41500.00, 0.00, 0.00, 41500.00, 41500.00, 0.00, 'cashless', 'selesai', NULL, 'KASIR-PC-01', 1, '2026-04-11 01:29:26', '2026-04-11 01:29:26'),
(142, 3, 'TRX-20260327-00142', '2026-03-27 11:00:00', 116000.00, 0.00, 0.00, 116000.00, 116000.00, 0.00, 'cash', 'selesai', NULL, 'KASIR-PC-01', 1, '2026-04-11 01:29:26', '2026-04-11 01:29:26'),
(143, 3, 'TRX-20260327-00143', '2026-03-27 09:22:00', 145600.00, 0.00, 0.00, 145600.00, 145600.00, 0.00, 'cashless', 'selesai', NULL, 'KASIR-PC-01', 1, '2026-04-11 01:29:26', '2026-04-11 01:29:26'),
(144, 2, 'TRX-20260327-00144', '2026-03-27 07:44:00', 70000.00, 0.00, 0.00, 70000.00, 70000.00, 0.00, 'cashless', 'selesai', NULL, 'KASIR-PC-01', 1, '2026-04-11 01:29:26', '2026-04-11 01:29:26'),
(145, 3, 'TRX-20260327-00145', '2026-03-27 03:33:00', 82000.00, 0.00, 0.00, 82000.00, 82000.00, 0.00, 'cashless', 'selesai', NULL, 'KASIR-PC-01', 1, '2026-04-11 01:29:26', '2026-04-11 01:29:26'),
(146, 3, 'TRX-20260327-00146', '2026-03-27 02:40:00', 48000.00, 0.00, 0.00, 48000.00, 48000.00, 0.00, 'cashless', 'selesai', NULL, 'KASIR-PC-01', 1, '2026-04-11 01:29:27', '2026-04-11 01:29:27'),
(147, 3, 'TRX-20260328-00147', '2026-03-28 05:37:00', 72000.00, 0.00, 0.00, 72000.00, 72000.00, 0.00, 'cashless', 'selesai', NULL, 'KASIR-PC-01', 1, '2026-04-11 01:29:27', '2026-04-11 01:29:27'),
(148, 3, 'TRX-20260328-00148', '2026-03-28 11:41:00', 46500.00, 0.00, 0.00, 46500.00, 48500.00, 2000.00, 'cash', 'selesai', NULL, 'KASIR-PC-01', 1, '2026-04-11 01:29:27', '2026-04-11 01:29:27'),
(149, 3, 'TRX-20260328-00149', '2026-03-28 01:43:00', 105000.00, 0.00, 0.00, 105000.00, 105000.00, 0.00, 'cash', 'selesai', NULL, 'KASIR-PC-01', 1, '2026-04-11 01:29:27', '2026-04-11 01:29:27'),
(150, 3, 'TRX-20260328-00150', '2026-03-28 06:26:00', 221000.00, 0.00, 0.00, 221000.00, 221000.00, 0.00, 'cashless', 'selesai', NULL, 'KASIR-PC-01', 1, '2026-04-11 01:29:27', '2026-04-11 01:29:27'),
(151, 3, 'TRX-20260328-00151', '2026-03-28 01:15:00', 150500.00, 0.00, 0.00, 150500.00, 153500.00, 3000.00, 'cash', 'selesai', NULL, 'KASIR-PC-01', 1, '2026-04-11 01:29:27', '2026-04-11 01:29:27'),
(152, 2, 'TRX-20260329-00152', '2026-03-29 02:06:00', 92100.00, 0.00, 0.00, 92100.00, 0.00, 0.00, 'cash', 'batal', NULL, 'KASIR-PC-01', 1, '2026-04-11 01:29:27', '2026-04-11 01:29:27'),
(153, 2, 'TRX-20260329-00153', '2026-03-29 12:27:00', 35000.00, 0.00, 0.00, 35000.00, 35000.00, 0.00, 'cashless', 'selesai', NULL, 'KASIR-PC-01', 1, '2026-04-11 01:29:27', '2026-04-11 01:29:27'),
(154, 3, 'TRX-20260329-00154', '2026-03-29 09:56:00', 235500.00, 0.00, 0.00, 235500.00, 0.00, 0.00, 'cashless', 'batal', NULL, 'KASIR-PC-01', 1, '2026-04-11 01:29:27', '2026-04-11 01:29:27'),
(155, 2, 'TRX-20260329-00155', '2026-03-29 04:42:00', 110000.00, 0.00, 0.00, 110000.00, 110000.00, 0.00, 'cash', 'selesai', NULL, 'KASIR-PC-01', 1, '2026-04-11 01:29:27', '2026-04-11 01:29:27'),
(156, 2, 'TRX-20260329-00156', '2026-03-29 08:27:00', 94000.00, 0.00, 0.00, 94000.00, 94000.00, 0.00, 'cashless', 'selesai', NULL, 'KASIR-PC-01', 1, '2026-04-11 01:29:27', '2026-04-11 01:29:27'),
(157, 3, 'TRX-20260329-00157', '2026-03-29 04:46:00', 137000.00, 0.00, 0.00, 137000.00, 139000.00, 2000.00, 'cash', 'selesai', NULL, 'KASIR-PC-01', 1, '2026-04-11 01:29:28', '2026-04-11 01:29:28'),
(158, 2, 'TRX-20260329-00158', '2026-03-29 12:52:00', 60000.00, 0.00, 0.00, 60000.00, 60000.00, 0.00, 'cashless', 'selesai', NULL, 'KASIR-PC-01', 1, '2026-04-11 01:29:28', '2026-04-11 01:29:28'),
(159, 3, 'TRX-20260329-00159', '2026-03-29 06:22:00', 111500.00, 0.00, 0.00, 111500.00, 112500.00, 1000.00, 'cash', 'selesai', NULL, 'KASIR-PC-01', 1, '2026-04-11 01:29:28', '2026-04-11 01:29:28'),
(160, 2, 'TRX-20260329-00160', '2026-03-29 09:03:00', 84500.00, 0.00, 0.00, 84500.00, 86500.00, 2000.00, 'cash', 'selesai', NULL, 'KASIR-PC-01', 1, '2026-04-11 01:29:28', '2026-04-11 01:29:28'),
(161, 2, 'TRX-20260329-00161', '2026-03-29 05:38:00', 16000.00, 0.00, 0.00, 16000.00, 16000.00, 0.00, 'cash', 'selesai', NULL, 'KASIR-PC-01', 1, '2026-04-11 01:29:28', '2026-04-11 01:29:28'),
(162, 2, 'TRX-20260329-00162', '2026-03-29 09:27:00', 165500.00, 0.00, 0.00, 165500.00, 165500.00, 0.00, 'cashless', 'selesai', NULL, 'KASIR-PC-01', 1, '2026-04-11 01:29:28', '2026-04-11 01:29:28'),
(163, 2, 'TRX-20260329-00163', '2026-03-29 08:17:00', 50500.00, 0.00, 0.00, 50500.00, 51500.00, 1000.00, 'cash', 'selesai', NULL, 'KASIR-PC-01', 1, '2026-04-11 01:29:28', '2026-04-11 01:29:28'),
(164, 3, 'TRX-20260329-00164', '2026-03-29 02:16:00', 22000.00, 0.00, 0.00, 22000.00, 22000.00, 0.00, 'cashless', 'selesai', NULL, 'KASIR-PC-01', 1, '2026-04-11 01:29:29', '2026-04-11 01:29:29'),
(165, 2, 'TRX-20260329-00165', '2026-03-29 11:32:00', 87500.00, 0.00, 0.00, 87500.00, 89500.00, 2000.00, 'cash', 'selesai', NULL, 'KASIR-PC-01', 1, '2026-04-11 01:29:29', '2026-04-11 01:29:29'),
(166, 2, 'TRX-20260330-00166', '2026-03-30 07:08:00', 81500.00, 0.00, 0.00, 81500.00, 81500.00, 0.00, 'cashless', 'selesai', NULL, 'KASIR-PC-01', 1, '2026-04-11 01:29:29', '2026-04-11 01:29:29'),
(167, 3, 'TRX-20260330-00167', '2026-03-30 10:13:00', 143000.00, 0.00, 0.00, 143000.00, 143000.00, 0.00, 'cashless', 'selesai', NULL, 'KASIR-PC-01', 1, '2026-04-11 01:29:29', '2026-04-11 01:29:29'),
(168, 2, 'TRX-20260330-00168', '2026-03-30 11:44:00', 63000.00, 0.00, 0.00, 63000.00, 63000.00, 0.00, 'cashless', 'selesai', NULL, 'KASIR-PC-01', 1, '2026-04-11 01:29:29', '2026-04-11 01:29:29'),
(169, 2, 'TRX-20260330-00169', '2026-03-30 07:40:00', 22500.00, 0.00, 0.00, 22500.00, 22500.00, 0.00, 'cash', 'selesai', NULL, 'KASIR-PC-01', 1, '2026-04-11 01:29:29', '2026-04-11 01:29:29'),
(170, 3, 'TRX-20260330-00170', '2026-03-30 04:02:00', 265800.00, 0.00, 0.00, 265800.00, 265800.00, 0.00, 'cashless', 'selesai', NULL, 'KASIR-PC-01', 1, '2026-04-11 01:29:29', '2026-04-11 01:29:29'),
(171, 2, 'TRX-20260330-00171', '2026-03-30 13:36:00', 101500.00, 0.00, 0.00, 101500.00, 0.00, 0.00, 'cash', 'batal', NULL, 'KASIR-PC-01', 1, '2026-04-11 01:29:29', '2026-04-11 01:29:29'),
(172, 2, 'TRX-20260330-00172', '2026-03-30 08:48:00', 117500.00, 0.00, 0.00, 117500.00, 118500.00, 1000.00, 'cash', 'selesai', NULL, 'KASIR-PC-01', 1, '2026-04-11 01:29:29', '2026-04-11 01:29:29'),
(173, 2, 'TRX-20260330-00173', '2026-03-30 12:34:00', 143500.00, 0.00, 0.00, 143500.00, 143500.00, 0.00, 'cash', 'selesai', NULL, 'KASIR-PC-01', 1, '2026-04-11 01:29:29', '2026-04-11 01:29:29'),
(174, 3, 'TRX-20260331-00174', '2026-03-31 13:31:00', 77500.00, 0.00, 0.00, 77500.00, 80500.00, 3000.00, 'cash', 'selesai', NULL, 'KASIR-PC-01', 1, '2026-04-11 01:29:30', '2026-04-11 01:29:30'),
(175, 2, 'TRX-20260331-00175', '2026-03-31 10:06:00', 132500.00, 0.00, 0.00, 132500.00, 133500.00, 1000.00, 'cash', 'selesai', NULL, 'KASIR-PC-01', 1, '2026-04-11 01:29:30', '2026-04-11 01:29:30'),
(176, 2, 'TRX-20260331-00176', '2026-03-31 10:32:00', 106000.00, 0.00, 0.00, 106000.00, 106000.00, 0.00, 'cashless', 'selesai', NULL, 'KASIR-PC-01', 1, '2026-04-11 01:29:30', '2026-04-11 01:29:30'),
(177, 2, 'TRX-20260331-00177', '2026-03-31 01:31:00', 65000.00, 0.00, 0.00, 65000.00, 65000.00, 0.00, 'cashless', 'selesai', NULL, 'KASIR-PC-01', 1, '2026-04-11 01:29:30', '2026-04-11 01:29:30'),
(178, 2, 'TRX-20260331-00178', '2026-03-31 11:47:00', 105000.00, 0.00, 0.00, 105000.00, 105000.00, 0.00, 'cashless', 'selesai', NULL, 'KASIR-PC-01', 1, '2026-04-11 01:29:30', '2026-04-11 01:29:30'),
(179, 2, 'TRX-20260331-00179', '2026-03-31 05:31:00', 140000.00, 0.00, 0.00, 140000.00, 140000.00, 0.00, 'cashless', 'selesai', NULL, 'KASIR-PC-01', 1, '2026-04-11 01:29:30', '2026-04-11 01:29:30'),
(180, 3, 'TRX-20260331-00180', '2026-03-31 03:20:00', 48000.00, 0.00, 0.00, 48000.00, 48000.00, 0.00, 'cashless', 'selesai', NULL, 'KASIR-PC-01', 1, '2026-04-11 01:29:30', '2026-04-11 01:29:30'),
(181, 2, 'TRX-20260331-00181', '2026-03-31 09:06:00', 10500.00, 0.00, 0.00, 10500.00, 11500.00, 1000.00, 'cash', 'selesai', NULL, 'KASIR-PC-01', 1, '2026-04-11 01:29:30', '2026-04-11 01:29:30'),
(182, 3, 'TRX-20260331-00182', '2026-03-31 02:18:00', 167500.00, 0.00, 0.00, 167500.00, 167500.00, 0.00, 'cashless', 'selesai', NULL, 'KASIR-PC-01', 1, '2026-04-11 01:29:30', '2026-04-11 01:29:30'),
(183, 2, 'TRX-20260331-00183', '2026-03-31 13:21:00', 133500.00, 0.00, 0.00, 133500.00, 133500.00, 0.00, 'cashless', 'selesai', NULL, 'KASIR-PC-01', 1, '2026-04-11 01:29:31', '2026-04-11 01:29:31'),
(184, 2, 'TRX-20260331-00184', '2026-03-31 11:25:00', 10000.00, 0.00, 0.00, 10000.00, 13000.00, 3000.00, 'cash', 'selesai', NULL, 'KASIR-PC-01', 1, '2026-04-11 01:29:31', '2026-04-11 01:29:31'),
(185, 2, 'TRX-20260331-00185', '2026-03-31 13:37:00', 22500.00, 0.00, 0.00, 22500.00, 25500.00, 3000.00, 'cash', 'selesai', NULL, 'KASIR-PC-01', 1, '2026-04-11 01:29:31', '2026-04-11 01:29:31'),
(186, 2, 'TRX-20260331-00186', '2026-03-31 11:27:00', 74500.00, 0.00, 0.00, 74500.00, 74500.00, 0.00, 'cashless', 'selesai', NULL, 'KASIR-PC-01', 1, '2026-04-11 01:29:31', '2026-04-11 01:29:31'),
(187, 3, 'TRX-20260331-00187', '2026-03-31 01:22:00', 188800.00, 0.00, 0.00, 188800.00, 189800.00, 1000.00, 'cash', 'selesai', NULL, 'KASIR-PC-01', 1, '2026-04-11 01:29:31', '2026-04-11 01:29:31'),
(188, 2, 'TRX-20260331-00188', '2026-03-31 11:56:00', 141000.00, 0.00, 0.00, 141000.00, 144000.00, 3000.00, 'cash', 'selesai', NULL, 'KASIR-PC-01', 1, '2026-04-11 01:29:31', '2026-04-11 01:29:31'),
(189, 3, 'TRX-20260401-00189', '2026-04-01 02:56:00', 90500.00, 0.00, 0.00, 90500.00, 90500.00, 0.00, 'cashless', 'selesai', NULL, 'KASIR-PC-01', 1, '2026-04-11 01:29:31', '2026-04-11 01:29:31'),
(190, 2, 'TRX-20260401-00190', '2026-04-01 04:06:00', 5000.00, 0.00, 0.00, 5000.00, 5000.00, 0.00, 'cashless', 'selesai', NULL, 'KASIR-PC-01', 1, '2026-04-11 01:29:31', '2026-04-11 01:29:31'),
(191, 2, 'TRX-20260401-00191', '2026-04-01 08:37:00', 53500.00, 0.00, 0.00, 53500.00, 55500.00, 2000.00, 'cash', 'selesai', NULL, 'KASIR-PC-01', 1, '2026-04-11 01:29:31', '2026-04-11 01:29:31'),
(192, 2, 'TRX-20260401-00192', '2026-04-01 08:37:00', 28000.00, 0.00, 0.00, 28000.00, 28000.00, 0.00, 'cashless', 'selesai', NULL, 'KASIR-PC-01', 1, '2026-04-11 01:29:31', '2026-04-11 01:29:31'),
(193, 2, 'TRX-20260401-00193', '2026-04-01 03:17:00', 22500.00, 0.00, 0.00, 22500.00, 22500.00, 0.00, 'cashless', 'selesai', NULL, 'KASIR-PC-01', 1, '2026-04-11 01:29:31', '2026-04-11 01:29:31'),
(194, 3, 'TRX-20260401-00194', '2026-04-01 01:37:00', 57500.00, 0.00, 0.00, 57500.00, 57500.00, 0.00, 'cash', 'selesai', NULL, 'KASIR-PC-01', 1, '2026-04-11 01:29:31', '2026-04-11 01:29:31'),
(195, 3, 'TRX-20260402-00195', '2026-04-02 12:10:00', 211500.00, 0.00, 0.00, 211500.00, 212500.00, 1000.00, 'cash', 'selesai', NULL, 'KASIR-PC-01', 1, '2026-04-11 01:29:31', '2026-04-11 01:29:31'),
(196, 2, 'TRX-20260402-00196', '2026-04-02 10:20:00', 135000.00, 0.00, 0.00, 135000.00, 135000.00, 0.00, 'cashless', 'selesai', NULL, 'KASIR-PC-01', 1, '2026-04-11 01:29:32', '2026-04-11 01:29:32'),
(197, 2, 'TRX-20260402-00197', '2026-04-02 03:29:00', 168000.00, 0.00, 0.00, 168000.00, 168000.00, 0.00, 'cashless', 'selesai', NULL, 'KASIR-PC-01', 1, '2026-04-11 01:29:32', '2026-04-11 01:29:32'),
(198, 3, 'TRX-20260402-00198', '2026-04-02 07:02:00', 139500.00, 0.00, 0.00, 139500.00, 139500.00, 0.00, 'cash', 'selesai', NULL, 'KASIR-PC-01', 1, '2026-04-11 01:29:32', '2026-04-11 01:29:32'),
(199, 3, 'TRX-20260402-00199', '2026-04-02 09:02:00', 10000.00, 0.00, 0.00, 10000.00, 13000.00, 3000.00, 'cash', 'selesai', NULL, 'KASIR-PC-01', 1, '2026-04-11 01:29:32', '2026-04-11 01:29:32'),
(200, 2, 'TRX-20260402-00200', '2026-04-02 01:16:00', 113000.00, 0.00, 0.00, 113000.00, 114000.00, 1000.00, 'cash', 'selesai', NULL, 'KASIR-PC-01', 1, '2026-04-11 01:29:32', '2026-04-11 01:29:32'),
(201, 2, 'TRX-20260402-00201', '2026-04-02 07:25:00', 32000.00, 0.00, 0.00, 32000.00, 33000.00, 1000.00, 'cash', 'selesai', NULL, 'KASIR-PC-01', 1, '2026-04-11 01:29:32', '2026-04-11 01:29:32'),
(202, 2, 'TRX-20260402-00202', '2026-04-02 01:38:00', 67500.00, 0.00, 0.00, 67500.00, 67500.00, 0.00, 'cash', 'selesai', NULL, 'KASIR-PC-01', 1, '2026-04-11 01:29:32', '2026-04-11 01:29:32'),
(203, 3, 'TRX-20260402-00203', '2026-04-02 05:55:00', 16000.00, 0.00, 0.00, 16000.00, 19000.00, 3000.00, 'cash', 'selesai', NULL, 'KASIR-PC-01', 1, '2026-04-11 01:29:32', '2026-04-11 01:29:32'),
(204, 3, 'TRX-20260402-00204', '2026-04-02 03:24:00', 91000.00, 0.00, 0.00, 91000.00, 92000.00, 1000.00, 'cash', 'selesai', NULL, 'KASIR-PC-01', 1, '2026-04-11 01:29:32', '2026-04-11 01:29:32'),
(205, 3, 'TRX-20260402-00205', '2026-04-02 13:39:00', 14000.00, 0.00, 0.00, 14000.00, 14000.00, 0.00, 'cash', 'selesai', NULL, 'KASIR-PC-01', 1, '2026-04-11 01:29:32', '2026-04-11 01:29:32'),
(206, 3, 'TRX-20260402-00206', '2026-04-02 13:09:00', 108000.00, 0.00, 0.00, 108000.00, 108000.00, 0.00, 'cashless', 'selesai', NULL, 'KASIR-PC-01', 1, '2026-04-11 01:29:32', '2026-04-11 01:29:32'),
(207, 2, 'TRX-20260403-00207', '2026-04-03 09:39:00', 22000.00, 0.00, 0.00, 22000.00, 0.00, 0.00, 'cashless', 'batal', NULL, 'KASIR-PC-01', 1, '2026-04-11 01:29:33', '2026-04-11 01:29:33'),
(208, 3, 'TRX-20260403-00208', '2026-04-03 11:03:00', 254000.00, 0.00, 0.00, 254000.00, 255000.00, 1000.00, 'cash', 'selesai', NULL, 'KASIR-PC-01', 1, '2026-04-11 01:29:33', '2026-04-11 01:29:33'),
(209, 3, 'TRX-20260403-00209', '2026-04-03 12:19:00', 213500.00, 0.00, 0.00, 213500.00, 214500.00, 1000.00, 'cash', 'selesai', NULL, 'KASIR-PC-01', 1, '2026-04-11 01:29:33', '2026-04-11 01:29:33'),
(210, 3, 'TRX-20260403-00210', '2026-04-03 06:22:00', 84000.00, 0.00, 0.00, 84000.00, 87000.00, 3000.00, 'cash', 'selesai', NULL, 'KASIR-PC-01', 1, '2026-04-11 01:29:33', '2026-04-11 01:29:33'),
(211, 3, 'TRX-20260403-00211', '2026-04-03 03:45:00', 125000.00, 0.00, 0.00, 125000.00, 125000.00, 0.00, 'cashless', 'selesai', NULL, 'KASIR-PC-01', 1, '2026-04-11 01:29:33', '2026-04-11 01:29:33'),
(212, 2, 'TRX-20260403-00212', '2026-04-03 10:10:00', 113500.00, 0.00, 0.00, 113500.00, 113500.00, 0.00, 'cashless', 'selesai', NULL, 'KASIR-PC-01', 1, '2026-04-11 01:29:33', '2026-04-11 01:29:33'),
(213, 2, 'TRX-20260404-00213', '2026-04-04 03:33:00', 139000.00, 0.00, 0.00, 139000.00, 139000.00, 0.00, 'cashless', 'selesai', NULL, 'KASIR-PC-01', 1, '2026-04-11 01:29:33', '2026-04-11 01:29:33'),
(214, 2, 'TRX-20260404-00214', '2026-04-04 09:53:00', 25000.00, 0.00, 0.00, 25000.00, 26000.00, 1000.00, 'cash', 'selesai', NULL, 'KASIR-PC-01', 1, '2026-04-11 01:29:33', '2026-04-11 01:29:33'),
(215, 3, 'TRX-20260404-00215', '2026-04-04 12:01:00', 35000.00, 0.00, 0.00, 35000.00, 36000.00, 1000.00, 'cash', 'selesai', NULL, 'KASIR-PC-01', 1, '2026-04-11 01:29:33', '2026-04-11 01:29:33'),
(216, 2, 'TRX-20260404-00216', '2026-04-04 08:00:00', 104300.00, 0.00, 0.00, 104300.00, 107300.00, 3000.00, 'cash', 'selesai', NULL, 'KASIR-PC-01', 1, '2026-04-11 01:29:33', '2026-04-11 01:29:33'),
(217, 2, 'TRX-20260404-00217', '2026-04-04 06:35:00', 76000.00, 0.00, 0.00, 76000.00, 76000.00, 0.00, 'cashless', 'selesai', NULL, 'KASIR-PC-01', 1, '2026-04-11 01:29:34', '2026-04-11 01:29:34'),
(218, 2, 'TRX-20260404-00218', '2026-04-04 12:59:00', 6500.00, 0.00, 0.00, 6500.00, 9500.00, 3000.00, 'cash', 'selesai', NULL, 'KASIR-PC-01', 1, '2026-04-11 01:29:34', '2026-04-11 01:29:34'),
(219, 3, 'TRX-20260404-00219', '2026-04-04 03:35:00', 21000.00, 0.00, 0.00, 21000.00, 21000.00, 0.00, 'cash', 'selesai', NULL, 'KASIR-PC-01', 1, '2026-04-11 01:29:34', '2026-04-11 01:29:34'),
(220, 3, 'TRX-20260404-00220', '2026-04-04 13:42:00', 157000.00, 0.00, 0.00, 157000.00, 158000.00, 1000.00, 'cash', 'selesai', NULL, 'KASIR-PC-01', 1, '2026-04-11 01:29:34', '2026-04-11 01:29:34'),
(221, 2, 'TRX-20260404-00221', '2026-04-04 09:29:00', 14000.00, 0.00, 0.00, 14000.00, 15000.00, 1000.00, 'cash', 'selesai', NULL, 'KASIR-PC-01', 1, '2026-04-11 01:29:34', '2026-04-11 01:29:34'),
(222, 2, 'TRX-20260404-00222', '2026-04-04 10:49:00', 43000.00, 0.00, 0.00, 43000.00, 44000.00, 1000.00, 'cash', 'selesai', NULL, 'KASIR-PC-01', 1, '2026-04-11 01:29:34', '2026-04-11 01:29:34'),
(223, 2, 'TRX-20260404-00223', '2026-04-04 11:37:00', 111000.00, 0.00, 0.00, 111000.00, 113000.00, 2000.00, 'cash', 'selesai', NULL, 'KASIR-PC-01', 1, '2026-04-11 01:29:34', '2026-04-11 01:29:34'),
(224, 3, 'TRX-20260404-00224', '2026-04-04 08:05:00', 151900.00, 0.00, 0.00, 151900.00, 151900.00, 0.00, 'cash', 'selesai', NULL, 'KASIR-PC-01', 1, '2026-04-11 01:29:34', '2026-04-11 01:29:34'),
(225, 3, 'TRX-20260404-00225', '2026-04-04 08:16:00', 135000.00, 0.00, 0.00, 135000.00, 135000.00, 0.00, 'cashless', 'selesai', NULL, 'KASIR-PC-01', 1, '2026-04-11 01:29:34', '2026-04-11 01:29:34'),
(226, 2, 'TRX-20260404-00226', '2026-04-04 08:12:00', 41500.00, 0.00, 0.00, 41500.00, 41500.00, 0.00, 'cash', 'selesai', NULL, 'KASIR-PC-01', 1, '2026-04-11 01:29:34', '2026-04-11 01:29:34'),
(227, 3, 'TRX-20260404-00227', '2026-04-04 13:59:00', 36000.00, 0.00, 0.00, 36000.00, 37000.00, 1000.00, 'cash', 'selesai', NULL, 'KASIR-PC-01', 1, '2026-04-11 01:29:34', '2026-04-11 01:29:34'),
(228, 3, 'TRX-20260405-00228', '2026-04-05 13:24:00', 37000.00, 0.00, 0.00, 37000.00, 38000.00, 1000.00, 'cash', 'selesai', NULL, 'KASIR-PC-01', 1, '2026-04-11 01:29:34', '2026-04-11 01:29:34'),
(229, 2, 'TRX-20260405-00229', '2026-04-05 08:43:00', 205000.00, 0.00, 0.00, 205000.00, 208000.00, 3000.00, 'cash', 'selesai', NULL, 'KASIR-PC-01', 1, '2026-04-11 01:29:34', '2026-04-11 01:29:34'),
(230, 3, 'TRX-20260405-00230', '2026-04-05 03:31:00', 79500.00, 0.00, 0.00, 79500.00, 79500.00, 0.00, 'cashless', 'selesai', NULL, 'KASIR-PC-01', 1, '2026-04-11 01:29:34', '2026-04-11 01:29:34'),
(231, 2, 'TRX-20260405-00231', '2026-04-05 10:11:00', 27200.00, 0.00, 0.00, 27200.00, 27200.00, 0.00, 'cashless', 'selesai', NULL, 'KASIR-PC-01', 1, '2026-04-11 01:29:35', '2026-04-11 01:29:35'),
(232, 3, 'TRX-20260405-00232', '2026-04-05 04:03:00', 112000.00, 0.00, 0.00, 112000.00, 112000.00, 0.00, 'cash', 'selesai', NULL, 'KASIR-PC-01', 1, '2026-04-11 01:29:35', '2026-04-11 01:29:35'),
(233, 3, 'TRX-20260405-00233', '2026-04-05 01:38:00', 96000.00, 0.00, 0.00, 96000.00, 96000.00, 0.00, 'cashless', 'selesai', NULL, 'KASIR-PC-01', 1, '2026-04-11 01:29:35', '2026-04-11 01:29:35'),
(234, 3, 'TRX-20260406-00234', '2026-04-06 09:30:00', 138500.00, 0.00, 0.00, 138500.00, 138500.00, 0.00, 'cashless', 'selesai', NULL, 'KASIR-PC-01', 1, '2026-04-11 01:29:35', '2026-04-11 01:29:35'),
(235, 2, 'TRX-20260406-00235', '2026-04-06 13:05:00', 62000.00, 0.00, 0.00, 62000.00, 62000.00, 0.00, 'cashless', 'selesai', NULL, 'KASIR-PC-01', 1, '2026-04-11 01:29:35', '2026-04-11 01:29:35'),
(236, 2, 'TRX-20260406-00236', '2026-04-06 02:46:00', 147200.00, 0.00, 0.00, 147200.00, 0.00, 0.00, 'cashless', 'batal', NULL, 'KASIR-PC-01', 1, '2026-04-11 01:29:35', '2026-04-11 01:29:35'),
(237, 2, 'TRX-20260406-00237', '2026-04-06 05:24:00', 108000.00, 0.00, 0.00, 108000.00, 108000.00, 0.00, 'cashless', 'selesai', NULL, 'KASIR-PC-01', 1, '2026-04-11 01:29:35', '2026-04-11 01:29:35'),
(238, 3, 'TRX-20260406-00238', '2026-04-06 04:36:00', 248600.00, 0.00, 0.00, 248600.00, 250600.00, 2000.00, 'cash', 'selesai', NULL, 'KASIR-PC-01', 1, '2026-04-11 01:29:35', '2026-04-11 01:29:35'),
(239, 2, 'TRX-20260406-00239', '2026-04-06 06:56:00', 22500.00, 0.00, 0.00, 22500.00, 23500.00, 1000.00, 'cash', 'selesai', NULL, 'KASIR-PC-01', 1, '2026-04-11 01:29:35', '2026-04-11 01:29:35'),
(240, 3, 'TRX-20260406-00240', '2026-04-06 12:36:00', 31500.00, 0.00, 0.00, 31500.00, 31500.00, 0.00, 'cashless', 'selesai', NULL, 'KASIR-PC-01', 1, '2026-04-11 01:29:35', '2026-04-11 01:29:35'),
(241, 2, 'TRX-20260406-00241', '2026-04-06 02:32:00', 174500.00, 0.00, 0.00, 174500.00, 175500.00, 1000.00, 'cash', 'selesai', NULL, 'KASIR-PC-01', 1, '2026-04-11 01:29:36', '2026-04-11 01:29:36'),
(242, 2, 'TRX-20260406-00242', '2026-04-06 12:53:00', 132000.00, 0.00, 0.00, 132000.00, 132000.00, 0.00, 'cashless', 'selesai', NULL, 'KASIR-PC-01', 1, '2026-04-11 01:29:36', '2026-04-11 01:29:36'),
(243, 2, 'TRX-20260406-00243', '2026-04-06 05:21:00', 38000.00, 0.00, 0.00, 38000.00, 38000.00, 0.00, 'cashless', 'selesai', NULL, 'KASIR-PC-01', 1, '2026-04-11 01:29:36', '2026-04-11 01:29:36'),
(244, 2, 'TRX-20260406-00244', '2026-04-06 09:41:00', 127000.00, 0.00, 0.00, 127000.00, 127000.00, 0.00, 'cash', 'selesai', NULL, 'KASIR-PC-01', 1, '2026-04-11 01:29:36', '2026-04-11 01:29:36'),
(245, 3, 'TRX-20260407-00245', '2026-04-07 01:55:00', 28500.00, 0.00, 0.00, 28500.00, 28500.00, 0.00, 'cashless', 'selesai', NULL, 'KASIR-PC-01', 1, '2026-04-11 01:29:36', '2026-04-11 01:29:36'),
(246, 2, 'TRX-20260407-00246', '2026-04-07 06:16:00', 19800.00, 0.00, 0.00, 19800.00, 19800.00, 0.00, 'cashless', 'selesai', NULL, 'KASIR-PC-01', 1, '2026-04-11 01:29:36', '2026-04-11 01:29:36'),
(247, 2, 'TRX-20260407-00247', '2026-04-07 08:53:00', 20000.00, 0.00, 0.00, 20000.00, 20000.00, 0.00, 'cash', 'selesai', NULL, 'KASIR-PC-01', 1, '2026-04-11 01:29:37', '2026-04-11 01:29:37'),
(248, 3, 'TRX-20260407-00248', '2026-04-07 09:42:00', 88500.00, 0.00, 0.00, 88500.00, 88500.00, 0.00, 'cashless', 'selesai', NULL, 'KASIR-PC-01', 1, '2026-04-11 01:29:38', '2026-04-11 01:29:38'),
(249, 3, 'TRX-20260407-00249', '2026-04-07 09:04:00', 10500.00, 0.00, 0.00, 10500.00, 10500.00, 0.00, 'cashless', 'selesai', NULL, 'KASIR-PC-01', 1, '2026-04-11 01:29:39', '2026-04-11 01:29:39'),
(250, 2, 'TRX-20260407-00250', '2026-04-07 05:37:00', 112500.00, 0.00, 0.00, 112500.00, 112500.00, 0.00, 'cashless', 'selesai', NULL, 'KASIR-PC-01', 1, '2026-04-11 01:29:39', '2026-04-11 01:29:39'),
(251, 3, 'TRX-20260407-00251', '2026-04-07 07:46:00', 77500.00, 0.00, 0.00, 77500.00, 77500.00, 0.00, 'cashless', 'selesai', NULL, 'KASIR-PC-01', 1, '2026-04-11 01:29:39', '2026-04-11 01:29:39'),
(252, 3, 'TRX-20260407-00252', '2026-04-07 05:16:00', 78500.00, 0.00, 0.00, 78500.00, 80500.00, 2000.00, 'cash', 'selesai', NULL, 'KASIR-PC-01', 1, '2026-04-11 01:29:39', '2026-04-11 01:29:39'),
(253, 2, 'TRX-20260407-00253', '2026-04-07 01:14:00', 104000.00, 0.00, 0.00, 104000.00, 104000.00, 0.00, 'cashless', 'selesai', NULL, 'KASIR-PC-01', 1, '2026-04-11 01:29:39', '2026-04-11 01:29:39'),
(254, 3, 'TRX-20260407-00254', '2026-04-07 07:24:00', 3500.00, 0.00, 0.00, 3500.00, 3500.00, 0.00, 'cash', 'selesai', NULL, 'KASIR-PC-01', 1, '2026-04-11 01:29:40', '2026-04-11 01:29:40'),
(255, 3, 'TRX-20260407-00255', '2026-04-07 09:51:00', 156500.00, 0.00, 0.00, 156500.00, 156500.00, 0.00, 'cashless', 'selesai', NULL, 'KASIR-PC-01', 1, '2026-04-11 01:29:40', '2026-04-11 01:29:40'),
(256, 3, 'TRX-20260407-00256', '2026-04-07 01:27:00', 58900.00, 0.00, 0.00, 58900.00, 0.00, 0.00, 'cash', 'batal', NULL, 'KASIR-PC-01', 1, '2026-04-11 01:29:40', '2026-04-11 01:29:40'),
(257, 3, 'TRX-20260407-00257', '2026-04-07 07:21:00', 149000.00, 0.00, 0.00, 149000.00, 151000.00, 2000.00, 'cash', 'selesai', NULL, 'KASIR-PC-01', 1, '2026-04-11 01:29:40', '2026-04-11 01:29:40');
INSERT INTO `transaksis` (`transaksi_id`, `user_id`, `nomor_transaksi`, `tanggal_transaksi`, `total_harga`, `total_diskon`, `total_pajak`, `total_pembayaran`, `jumlah_bayar`, `kembalian`, `metode_pembayaran`, `status`, `catatan`, `device_id`, `is_synced`, `created_at`, `updated_at`) VALUES
(258, 2, 'TRX-20260408-00258', '2026-04-08 03:05:00', 29000.00, 0.00, 0.00, 29000.00, 32000.00, 3000.00, 'cash', 'selesai', NULL, 'KASIR-PC-01', 1, '2026-04-11 01:29:40', '2026-04-11 01:29:40'),
(259, 2, 'TRX-20260408-00259', '2026-04-08 12:43:00', 72500.00, 0.00, 0.00, 72500.00, 72500.00, 0.00, 'cashless', 'selesai', NULL, 'KASIR-PC-01', 1, '2026-04-11 01:29:40', '2026-04-11 01:29:40'),
(260, 3, 'TRX-20260408-00260', '2026-04-08 01:09:00', 207000.00, 0.00, 0.00, 207000.00, 207000.00, 0.00, 'cashless', 'selesai', NULL, 'KASIR-PC-01', 1, '2026-04-11 01:29:40', '2026-04-11 01:29:40'),
(261, 2, 'TRX-20260408-00261', '2026-04-08 04:47:00', 127500.00, 0.00, 0.00, 127500.00, 127500.00, 0.00, 'cash', 'selesai', NULL, 'KASIR-PC-01', 1, '2026-04-11 01:29:40', '2026-04-11 01:29:40'),
(262, 2, 'TRX-20260408-00262', '2026-04-08 01:10:00', 89000.00, 0.00, 0.00, 89000.00, 0.00, 0.00, 'cashless', 'batal', NULL, 'KASIR-PC-01', 1, '2026-04-11 01:29:40', '2026-04-11 01:29:40'),
(263, 3, 'TRX-20260408-00263', '2026-04-08 03:05:00', 11000.00, 0.00, 0.00, 11000.00, 14000.00, 3000.00, 'cash', 'selesai', NULL, 'KASIR-PC-01', 1, '2026-04-11 01:29:40', '2026-04-11 01:29:40'),
(264, 2, 'TRX-20260408-00264', '2026-04-08 01:41:00', 105500.00, 0.00, 0.00, 105500.00, 106500.00, 1000.00, 'cash', 'selesai', NULL, 'KASIR-PC-01', 1, '2026-04-11 01:29:40', '2026-04-11 01:29:40'),
(265, 2, 'TRX-20260408-00265', '2026-04-08 07:04:00', 5000.00, 0.00, 0.00, 5000.00, 7000.00, 2000.00, 'cash', 'selesai', NULL, 'KASIR-PC-01', 1, '2026-04-11 01:29:40', '2026-04-11 01:29:40'),
(266, 3, 'TRX-20260409-00266', '2026-04-09 04:02:00', 174500.00, 0.00, 0.00, 174500.00, 174500.00, 0.00, 'cash', 'selesai', NULL, 'KASIR-PC-01', 1, '2026-04-11 01:29:40', '2026-04-11 01:29:40'),
(267, 3, 'TRX-20260409-00267', '2026-04-09 05:54:00', 12000.00, 0.00, 0.00, 12000.00, 14000.00, 2000.00, 'cash', 'selesai', NULL, 'KASIR-PC-01', 1, '2026-04-11 01:29:40', '2026-04-11 01:29:40'),
(268, 3, 'TRX-20260409-00268', '2026-04-09 06:18:00', 99000.00, 0.00, 0.00, 99000.00, 99000.00, 0.00, 'cashless', 'selesai', NULL, 'KASIR-PC-01', 1, '2026-04-11 01:29:40', '2026-04-11 01:29:40'),
(269, 3, 'TRX-20260409-00269', '2026-04-09 11:40:00', 55100.00, 0.00, 0.00, 55100.00, 55100.00, 0.00, 'cashless', 'selesai', NULL, 'KASIR-PC-01', 1, '2026-04-11 01:29:40', '2026-04-11 01:29:40'),
(270, 2, 'TRX-20260409-00270', '2026-04-09 01:11:00', 57500.00, 0.00, 0.00, 57500.00, 57500.00, 0.00, 'cash', 'selesai', NULL, 'KASIR-PC-01', 1, '2026-04-11 01:29:40', '2026-04-11 01:29:40'),
(271, 2, 'TRX-20260409-00271', '2026-04-09 06:06:00', 123000.00, 0.00, 0.00, 123000.00, 126000.00, 3000.00, 'cash', 'selesai', NULL, 'KASIR-PC-01', 1, '2026-04-11 01:29:41', '2026-04-11 01:29:41'),
(272, 3, 'TRX-20260409-00272', '2026-04-09 04:40:00', 71000.00, 0.00, 0.00, 71000.00, 71000.00, 0.00, 'cashless', 'selesai', NULL, 'KASIR-PC-01', 1, '2026-04-11 01:29:41', '2026-04-11 01:29:41'),
(273, 3, 'TRX-20260409-00273', '2026-04-09 05:15:00', 254600.00, 0.00, 0.00, 254600.00, 257600.00, 3000.00, 'cash', 'selesai', NULL, 'KASIR-PC-01', 1, '2026-04-11 01:29:41', '2026-04-11 01:29:41'),
(274, 3, 'TRX-20260409-00274', '2026-04-09 03:21:00', 66000.00, 0.00, 0.00, 66000.00, 66000.00, 0.00, 'cash', 'selesai', NULL, 'KASIR-PC-01', 1, '2026-04-11 01:29:41', '2026-04-11 01:29:41'),
(275, 3, 'TRX-20260409-00275', '2026-04-09 10:09:00', 97000.00, 0.00, 0.00, 97000.00, 97000.00, 0.00, 'cashless', 'selesai', NULL, 'KASIR-PC-01', 1, '2026-04-11 01:29:41', '2026-04-11 01:29:41'),
(276, 3, 'TRX-20260409-00276', '2026-04-09 06:03:00', 98000.00, 0.00, 0.00, 98000.00, 98000.00, 0.00, 'cashless', 'selesai', NULL, 'KASIR-PC-01', 1, '2026-04-11 01:29:41', '2026-04-11 01:29:41'),
(277, 3, 'TRX-20260409-00277', '2026-04-09 04:46:00', 103500.00, 0.00, 0.00, 103500.00, 0.00, 0.00, 'cashless', 'batal', NULL, 'KASIR-PC-01', 1, '2026-04-11 01:29:41', '2026-04-11 01:29:41'),
(278, 3, 'TRX-20260410-00278', '2026-04-10 01:21:00', 134500.00, 0.00, 0.00, 134500.00, 134500.00, 0.00, 'cashless', 'selesai', NULL, 'KASIR-PC-01', 1, '2026-04-11 01:29:41', '2026-04-11 01:29:41'),
(279, 2, 'TRX-20260410-00279', '2026-04-10 03:40:00', 52500.00, 0.00, 0.00, 52500.00, 0.00, 0.00, 'cash', 'batal', NULL, 'KASIR-PC-01', 1, '2026-04-11 01:29:41', '2026-04-11 01:29:41'),
(280, 2, 'TRX-20260410-00280', '2026-04-10 06:05:00', 52600.00, 0.00, 0.00, 52600.00, 54600.00, 2000.00, 'cash', 'selesai', NULL, 'KASIR-PC-01', 1, '2026-04-11 01:29:41', '2026-04-11 01:29:41'),
(281, 3, 'TRX-20260410-00281', '2026-04-10 11:59:00', 116500.00, 0.00, 0.00, 116500.00, 0.00, 0.00, 'cashless', 'batal', NULL, 'KASIR-PC-01', 1, '2026-04-11 01:29:41', '2026-04-11 01:29:41'),
(282, 2, 'TRX-20260410-00282', '2026-04-10 08:15:00', 24000.00, 0.00, 0.00, 24000.00, 24000.00, 0.00, 'cashless', 'selesai', NULL, 'KASIR-PC-01', 1, '2026-04-11 01:29:41', '2026-04-11 01:29:41'),
(283, 2, 'TRX-20260410-00283', '2026-04-10 01:40:00', 137000.00, 0.00, 0.00, 137000.00, 137000.00, 0.00, 'cashless', 'selesai', NULL, 'KASIR-PC-01', 1, '2026-04-11 01:29:41', '2026-04-11 01:29:41'),
(284, 3, 'TRX-20260410-00284', '2026-04-10 12:08:00', 72000.00, 0.00, 0.00, 72000.00, 72000.00, 0.00, 'cashless', 'selesai', NULL, 'KASIR-PC-01', 1, '2026-04-11 01:29:41', '2026-04-11 01:29:41'),
(285, 3, 'TRX-20260410-00285', '2026-04-10 05:29:00', 39000.00, 0.00, 0.00, 39000.00, 42000.00, 3000.00, 'cash', 'selesai', NULL, 'KASIR-PC-01', 1, '2026-04-11 01:29:41', '2026-04-11 01:29:41'),
(286, 3, 'TRX-20260410-00286', '2026-04-10 09:21:00', 16000.00, 0.00, 0.00, 16000.00, 16000.00, 0.00, 'cash', 'selesai', NULL, 'KASIR-PC-01', 1, '2026-04-11 01:29:42', '2026-04-11 01:29:42'),
(287, 2, 'TRX-20260410-00287', '2026-04-10 06:22:00', 90500.00, 0.00, 0.00, 90500.00, 90500.00, 0.00, 'cash', 'selesai', NULL, 'KASIR-PC-01', 1, '2026-04-11 01:29:42', '2026-04-11 01:29:42'),
(288, 3, 'TRX-20260411-00288', '2026-04-11 11:59:00', 91000.00, 0.00, 0.00, 91000.00, 91000.00, 0.00, 'cashless', 'selesai', NULL, 'KASIR-PC-01', 1, '2026-04-11 01:29:42', '2026-04-11 01:29:42'),
(289, 3, 'TRX-20260411-00289', '2026-04-11 06:56:00', 92500.00, 0.00, 0.00, 92500.00, 92500.00, 0.00, 'cashless', 'selesai', NULL, 'KASIR-PC-01', 1, '2026-04-11 01:29:42', '2026-04-11 01:29:42'),
(290, 2, 'TRX-20260411-00290', '2026-04-11 09:24:00', 88000.00, 0.00, 0.00, 88000.00, 88000.00, 0.00, 'cashless', 'selesai', NULL, 'KASIR-PC-01', 1, '2026-04-11 01:29:42', '2026-04-11 01:29:42'),
(291, 3, 'TRX-20260411-00291', '2026-04-11 11:53:00', 206000.00, 0.00, 0.00, 206000.00, 206000.00, 0.00, 'cashless', 'selesai', NULL, 'KASIR-PC-01', 1, '2026-04-11 01:29:42', '2026-04-11 01:29:42'),
(292, 2, 'TRX-20260411-00292', '2026-04-11 09:09:00', 32000.00, 0.00, 0.00, 32000.00, 32000.00, 0.00, 'cash', 'selesai', NULL, 'KASIR-PC-01', 1, '2026-04-11 01:29:42', '2026-04-11 01:29:42'),
(293, 3, 'TRX-20260411-00293', '2026-04-11 12:54:00', 69100.00, 0.00, 0.00, 69100.00, 69100.00, 0.00, 'cashless', 'selesai', NULL, 'KASIR-PC-01', 1, '2026-04-11 01:29:42', '2026-04-11 01:29:42'),
(294, 2, 'TRX-20260411-00294', '2026-04-11 07:37:00', 158500.00, 0.00, 0.00, 158500.00, 158500.00, 0.00, 'cashless', 'selesai', NULL, 'KASIR-PC-01', 1, '2026-04-11 01:29:42', '2026-04-11 01:29:42'),
(295, 2, 'TRX-20260411-00295', '2026-04-11 08:56:00', 105500.00, 0.00, 0.00, 105500.00, 105500.00, 0.00, 'cashless', 'selesai', NULL, 'KASIR-PC-01', 1, '2026-04-11 01:29:42', '2026-04-11 01:29:42'),
(296, 2, 'TRX-20260411-00296', '2026-04-11 10:50:00', 62000.00, 0.00, 0.00, 62000.00, 63000.00, 1000.00, 'cash', 'selesai', NULL, 'KASIR-PC-01', 1, '2026-04-11 01:29:42', '2026-04-11 01:29:42'),
(297, 2, 'TRX-20260411-00297', '2026-04-11 01:31:00', 7000.00, 0.00, 0.00, 7000.00, 7000.00, 0.00, 'cashless', 'selesai', NULL, 'KASIR-PC-01', 1, '2026-04-11 01:29:42', '2026-04-11 01:29:42'),
(298, 2, 'TRX-20260411-00298', '2026-04-11 01:22:00', 113000.00, 0.00, 0.00, 113000.00, 113000.00, 0.00, 'cashless', 'selesai', NULL, 'KASIR-PC-01', 1, '2026-04-11 01:29:42', '2026-04-11 01:29:42'),
(299, 2, 'TRX-20260411-00299', '2026-04-11 11:30:00', 70000.00, 0.00, 0.00, 70000.00, 71000.00, 1000.00, 'cash', 'selesai', NULL, 'KASIR-PC-01', 1, '2026-04-11 01:29:42', '2026-04-11 01:29:42'),
(300, 2, 'TRX-20260411-00300', '2026-04-11 03:09:00', 183000.00, 0.00, 0.00, 183000.00, 0.00, 0.00, 'cashless', 'batal', NULL, 'KASIR-PC-01', 1, '2026-04-11 01:29:42', '2026-04-11 01:29:42'),
(301, 2, 'TRX-20260411-00301', '2026-04-11 01:29:42', 9000.00, 0.00, 0.00, 9000.00, 0.00, 0.00, 'cash', 'pending', 'Transaksi demo pending', 'KASIR-PC-01', 1, '2026-04-11 01:29:42', '2026-04-11 01:29:42'),
(302, 1, 'TRX-20260414-00001', '2026-04-14 01:02:12', 36000.00, 0.00, 0.00, 36000.00, 50000.00, 14000.00, 'cash', 'selesai', NULL, NULL, 1, '2026-04-14 01:02:11', '2026-04-14 01:02:12'),
(303, 1, 'TRX-20260414-00002', '2026-04-14 02:41:01', 15000.00, 0.00, 0.00, 15000.00, 20000.00, 5000.00, 'cash', 'selesai', NULL, NULL, 1, '2026-04-14 02:40:58', '2026-04-14 02:41:01');

-- --------------------------------------------------------

--
-- Table structure for table `users`
--

CREATE TABLE `users` (
  `user_id` bigint(20) UNSIGNED NOT NULL,
  `username` varchar(50) NOT NULL,
  `email` varchar(100) NOT NULL,
  `password_hash` varchar(255) NOT NULL,
  `role` enum('kasir','pemilik') NOT NULL DEFAULT 'kasir',
  `nama_lengkap` varchar(100) NOT NULL,
  `is_active` tinyint(1) NOT NULL DEFAULT 1,
  `last_login_at` timestamp NULL DEFAULT NULL,
  `created_at` timestamp NULL DEFAULT NULL,
  `updated_at` timestamp NULL DEFAULT NULL
) ENGINE=InnoDB DEFAULT CHARSET=utf8mb4 COLLATE=utf8mb4_unicode_ci;

--
-- Dumping data for table `users`
--

INSERT INTO `users` (`user_id`, `username`, `email`, `password_hash`, `role`, `nama_lengkap`, `is_active`, `last_login_at`, `created_at`, `updated_at`) VALUES
(1, 'pemilik', 'pemilik@tokowaris.local', '$2y$12$cwF2W4tHXg3dJeJlu64HCeGvForLRgHB6TxWvEy9q0ORSBYbG5QFO', 'pemilik', 'Bapak Waris Santoso', 1, '2026-04-17 08:58:14', '2026-04-11 01:29:11', '2026-04-17 08:58:14'),
(2, 'kasir1', 'kasir1@tokowaris.local', '$2y$12$Qm3eh3Jz5pUL783lyfQZSOf2PcYFWVYnn7ab5Yb6Ctl0yk280wCpW', 'kasir', 'Siti Rahayu', 1, '2026-04-14 10:13:40', '2026-04-11 01:29:11', '2026-04-14 10:13:40'),
(3, 'kasir2', 'kasir2@tokowaris.local', '$2y$12$Kb47cq9a3jmvoiGJ6w/6EOXViEgvbAOhVx5etLzfae7Hg8S8uL1BK', 'kasir', 'Ahmad Fauzi', 1, NULL, '2026-04-11 01:29:11', '2026-04-11 01:29:11');

--
-- Indexes for dumped tables
--

--
-- Indexes for table `activity_logs`
--
ALTER TABLE `activity_logs`
  ADD PRIMARY KEY (`log_id`),
  ADD KEY `activity_logs_user_id_foreign` (`user_id`);

--
-- Indexes for table `cache`
--
ALTER TABLE `cache`
  ADD PRIMARY KEY (`key`);

--
-- Indexes for table `cache_locks`
--
ALTER TABLE `cache_locks`
  ADD PRIMARY KEY (`key`);

--
-- Indexes for table `detail_pembelian_pemasoks`
--
ALTER TABLE `detail_pembelian_pemasoks`
  ADD PRIMARY KEY (`detail_pembelian_id`),
  ADD KEY `detail_pembelian_pemasoks_pembelian_id_foreign` (`pembelian_id`),
  ADD KEY `detail_pembelian_pemasoks_produk_id_foreign` (`produk_id`);

--
-- Indexes for table `detail_transaksis`
--
ALTER TABLE `detail_transaksis`
  ADD PRIMARY KEY (`detail_id`),
  ADD KEY `detail_transaksis_produk_id_foreign` (`produk_id`),
  ADD KEY `detail_transaksis_transaksi_id_index` (`transaksi_id`);

--
-- Indexes for table `failed_jobs`
--
ALTER TABLE `failed_jobs`
  ADD PRIMARY KEY (`id`),
  ADD UNIQUE KEY `failed_jobs_uuid_unique` (`uuid`);

--
-- Indexes for table `jobs`
--
ALTER TABLE `jobs`
  ADD PRIMARY KEY (`id`),
  ADD KEY `jobs_queue_index` (`queue`);

--
-- Indexes for table `job_batches`
--
ALTER TABLE `job_batches`
  ADD PRIMARY KEY (`id`);

--
-- Indexes for table `kategoris`
--
ALTER TABLE `kategoris`
  ADD PRIMARY KEY (`kategori_id`),
  ADD UNIQUE KEY `kategoris_nama_kategori_unique` (`nama_kategori`);

--
-- Indexes for table `migrations`
--
ALTER TABLE `migrations`
  ADD PRIMARY KEY (`id`);

--
-- Indexes for table `password_reset_tokens`
--
ALTER TABLE `password_reset_tokens`
  ADD PRIMARY KEY (`email`);

--
-- Indexes for table `pemasoks`
--
ALTER TABLE `pemasoks`
  ADD PRIMARY KEY (`pemasok_id`);

--
-- Indexes for table `pembelian_pemasoks`
--
ALTER TABLE `pembelian_pemasoks`
  ADD PRIMARY KEY (`pembelian_id`),
  ADD UNIQUE KEY `pembelian_pemasoks_nomor_pembelian_unique` (`nomor_pembelian`),
  ADD KEY `pembelian_pemasoks_pemasok_id_foreign` (`pemasok_id`),
  ADD KEY `pembelian_pemasoks_user_id_foreign` (`user_id`),
  ADD KEY `pembelian_pemasoks_tanggal_pembelian_status_index` (`tanggal_pembelian`,`status`);

--
-- Indexes for table `personal_access_tokens`
--
ALTER TABLE `personal_access_tokens`
  ADD PRIMARY KEY (`id`),
  ADD UNIQUE KEY `personal_access_tokens_token_unique` (`token`),
  ADD KEY `personal_access_tokens_tokenable_type_tokenable_id_index` (`tokenable_type`,`tokenable_id`);

--
-- Indexes for table `produks`
--
ALTER TABLE `produks`
  ADD PRIMARY KEY (`produk_id`),
  ADD UNIQUE KEY `produks_kode_produk_unique` (`kode_produk`),
  ADD UNIQUE KEY `produks_barcode_unique` (`barcode`),
  ADD KEY `produks_kategori_id_foreign` (`kategori_id`);

--
-- Indexes for table `sessions`
--
ALTER TABLE `sessions`
  ADD PRIMARY KEY (`id`),
  ADD KEY `sessions_user_id_index` (`user_id`),
  ADD KEY `sessions_last_activity_index` (`last_activity`);

--
-- Indexes for table `stoks`
--
ALTER TABLE `stoks`
  ADD PRIMARY KEY (`stok_id`),
  ADD UNIQUE KEY `stoks_produk_id_unique` (`produk_id`);

--
-- Indexes for table `stok_movements`
--
ALTER TABLE `stok_movements`
  ADD PRIMARY KEY (`movement_id`),
  ADD KEY `stok_movements_produk_id_foreign` (`produk_id`),
  ADD KEY `stok_movements_user_id_foreign` (`user_id`);

--
-- Indexes for table `transaksis`
--
ALTER TABLE `transaksis`
  ADD PRIMARY KEY (`transaksi_id`),
  ADD UNIQUE KEY `transaksis_nomor_transaksi_unique` (`nomor_transaksi`),
  ADD KEY `transaksis_tanggal_transaksi_status_index` (`tanggal_transaksi`,`status`),
  ADD KEY `transaksis_user_id_index` (`user_id`);

--
-- Indexes for table `users`
--
ALTER TABLE `users`
  ADD PRIMARY KEY (`user_id`),
  ADD UNIQUE KEY `users_username_unique` (`username`),
  ADD UNIQUE KEY `users_email_unique` (`email`);

--
-- AUTO_INCREMENT for dumped tables
--

--
-- AUTO_INCREMENT for table `activity_logs`
--
ALTER TABLE `activity_logs`
  MODIFY `log_id` bigint(20) UNSIGNED NOT NULL AUTO_INCREMENT, AUTO_INCREMENT=15;

--
-- AUTO_INCREMENT for table `detail_pembelian_pemasoks`
--
ALTER TABLE `detail_pembelian_pemasoks`
  MODIFY `detail_pembelian_id` bigint(20) UNSIGNED NOT NULL AUTO_INCREMENT;

--
-- AUTO_INCREMENT for table `detail_transaksis`
--
ALTER TABLE `detail_transaksis`
  MODIFY `detail_id` bigint(20) UNSIGNED NOT NULL AUTO_INCREMENT, AUTO_INCREMENT=905;

--
-- AUTO_INCREMENT for table `failed_jobs`
--
ALTER TABLE `failed_jobs`
  MODIFY `id` bigint(20) UNSIGNED NOT NULL AUTO_INCREMENT;

--
-- AUTO_INCREMENT for table `jobs`
--
ALTER TABLE `jobs`
  MODIFY `id` bigint(20) UNSIGNED NOT NULL AUTO_INCREMENT;

--
-- AUTO_INCREMENT for table `kategoris`
--
ALTER TABLE `kategoris`
  MODIFY `kategori_id` bigint(20) UNSIGNED NOT NULL AUTO_INCREMENT, AUTO_INCREMENT=9;

--
-- AUTO_INCREMENT for table `migrations`
--
ALTER TABLE `migrations`
  MODIFY `id` int(10) UNSIGNED NOT NULL AUTO_INCREMENT, AUTO_INCREMENT=7;

--
-- AUTO_INCREMENT for table `pemasoks`
--
ALTER TABLE `pemasoks`
  MODIFY `pemasok_id` bigint(20) UNSIGNED NOT NULL AUTO_INCREMENT, AUTO_INCREMENT=5;

--
-- AUTO_INCREMENT for table `pembelian_pemasoks`
--
ALTER TABLE `pembelian_pemasoks`
  MODIFY `pembelian_id` bigint(20) UNSIGNED NOT NULL AUTO_INCREMENT;

--
-- AUTO_INCREMENT for table `personal_access_tokens`
--
ALTER TABLE `personal_access_tokens`
  MODIFY `id` bigint(20) UNSIGNED NOT NULL AUTO_INCREMENT, AUTO_INCREMENT=8;

--
-- AUTO_INCREMENT for table `produks`
--
ALTER TABLE `produks`
  MODIFY `produk_id` bigint(20) UNSIGNED NOT NULL AUTO_INCREMENT, AUTO_INCREMENT=32;

--
-- AUTO_INCREMENT for table `stoks`
--
ALTER TABLE `stoks`
  MODIFY `stok_id` bigint(20) UNSIGNED NOT NULL AUTO_INCREMENT, AUTO_INCREMENT=32;

--
-- AUTO_INCREMENT for table `stok_movements`
--
ALTER TABLE `stok_movements`
  MODIFY `movement_id` bigint(20) UNSIGNED NOT NULL AUTO_INCREMENT, AUTO_INCREMENT=834;

--
-- AUTO_INCREMENT for table `transaksis`
--
ALTER TABLE `transaksis`
  MODIFY `transaksi_id` bigint(20) UNSIGNED NOT NULL AUTO_INCREMENT, AUTO_INCREMENT=304;

--
-- AUTO_INCREMENT for table `users`
--
ALTER TABLE `users`
  MODIFY `user_id` bigint(20) UNSIGNED NOT NULL AUTO_INCREMENT, AUTO_INCREMENT=4;

--
-- Constraints for dumped tables
--

--
-- Constraints for table `activity_logs`
--
ALTER TABLE `activity_logs`
  ADD CONSTRAINT `activity_logs_user_id_foreign` FOREIGN KEY (`user_id`) REFERENCES `users` (`user_id`) ON DELETE SET NULL;

--
-- Constraints for table `detail_pembelian_pemasoks`
--
ALTER TABLE `detail_pembelian_pemasoks`
  ADD CONSTRAINT `detail_pembelian_pemasoks_pembelian_id_foreign` FOREIGN KEY (`pembelian_id`) REFERENCES `pembelian_pemasoks` (`pembelian_id`) ON DELETE CASCADE,
  ADD CONSTRAINT `detail_pembelian_pemasoks_produk_id_foreign` FOREIGN KEY (`produk_id`) REFERENCES `produks` (`produk_id`);

--
-- Constraints for table `detail_transaksis`
--
ALTER TABLE `detail_transaksis`
  ADD CONSTRAINT `detail_transaksis_produk_id_foreign` FOREIGN KEY (`produk_id`) REFERENCES `produks` (`produk_id`),
  ADD CONSTRAINT `detail_transaksis_transaksi_id_foreign` FOREIGN KEY (`transaksi_id`) REFERENCES `transaksis` (`transaksi_id`) ON DELETE CASCADE;

--
-- Constraints for table `pembelian_pemasoks`
--
ALTER TABLE `pembelian_pemasoks`
  ADD CONSTRAINT `pembelian_pemasoks_pemasok_id_foreign` FOREIGN KEY (`pemasok_id`) REFERENCES `pemasoks` (`pemasok_id`),
  ADD CONSTRAINT `pembelian_pemasoks_user_id_foreign` FOREIGN KEY (`user_id`) REFERENCES `users` (`user_id`);

--
-- Constraints for table `produks`
--
ALTER TABLE `produks`
  ADD CONSTRAINT `produks_kategori_id_foreign` FOREIGN KEY (`kategori_id`) REFERENCES `kategoris` (`kategori_id`) ON DELETE SET NULL;

--
-- Constraints for table `stoks`
--
ALTER TABLE `stoks`
  ADD CONSTRAINT `stoks_produk_id_foreign` FOREIGN KEY (`produk_id`) REFERENCES `produks` (`produk_id`) ON DELETE CASCADE;

--
-- Constraints for table `stok_movements`
--
ALTER TABLE `stok_movements`
  ADD CONSTRAINT `stok_movements_produk_id_foreign` FOREIGN KEY (`produk_id`) REFERENCES `produks` (`produk_id`) ON DELETE CASCADE,
  ADD CONSTRAINT `stok_movements_user_id_foreign` FOREIGN KEY (`user_id`) REFERENCES `users` (`user_id`) ON DELETE SET NULL;

--
-- Constraints for table `transaksis`
--
ALTER TABLE `transaksis`
  ADD CONSTRAINT `transaksis_user_id_foreign` FOREIGN KEY (`user_id`) REFERENCES `users` (`user_id`);
COMMIT;

/*!40101 SET CHARACTER_SET_CLIENT=@OLD_CHARACTER_SET_CLIENT */;
/*!40101 SET CHARACTER_SET_RESULTS=@OLD_CHARACTER_SET_RESULTS */;
/*!40101 SET COLLATION_CONNECTION=@OLD_COLLATION_CONNECTION */;
